-0.06805910055411939,0.17497716801142738,1.0,1.0
0.13219942806861318,0.17497680660095033,1.0,1.0
0.33245795669146283,0.1749765187152447,1.0,1.0
0.532716485314404,0.17497630725642063,1.0,1.0
0.73297501393741,0.17497617512659552,1.0,1.0
0.9332335425604622,0.1749761252278957,1.0,1.0
1.1334920711835128,0.17497616046245645,1.0,1.0
1.3337505998065289,0.1749762837324214,1.0,1.0
1.5340091284294672,0.17497649793994274,1.0,1.0
1.7342676570522808,0.1749768059871841,1.0,1.0
1.9345261856749214,0.17497721077631656,1.0,1.0
2.1347847142973366,0.17497771520952138,1.0,1.0
2.3350432429194736,0.1749783221889919,1.0,1.0
2.535301771541263,0.1749790346169297,1.0,1.0
2.735560300162632,0.174979855395548,1.0,1.0
2.9358188287835043,0.1749807874270716,1.0,1.0
3.1360773574038308,0.17498183361373523,1.0,1.0
3.336335886023503,0.17498299685778576,1.0,1.0
3.536594414642446,0.17498428006148198,1.0,1.0
3.736852943260554,0.17498568612709484,1.0,1.0
3.9371114718777416,0.17498721795690675,1.0,1.0
4.1373700004939185,0.17498887845321323,1.0,1.0
4.337628529108947,0.17499067051832282,1.0,1.0
4.5378870577227355,0.17499259705455678,1.0,1.0
4.7381455863351505,0.17499466096424957,1.0,1.0
4.938404114946076,0.1749968651497491,1.0,1.0
5.13866264355537,0.17499921251341874,1.0,1.0
5.338921172162906,0.17500170595763292,1.0,1.0
5.539179700768527,0.17500434838478385,1.0,1.0
5.739438229372087,0.17500714269727508,1.0,1.0
5.939696757973419,0.17501009179752794,1.0,1.0
6.13995528657237,0.17501319858797781,1.0,1.0
6.3402138151687675,0.17501646597111134,1.0,1.0
6.54047234376228,0.17501989685279562,1.0,1.0
6.740730872356192,0.1750234940472369,1.0,1.0
6.940989403877059,0.17502718530982836,1.0,1.0
7.141248433746648,0.1750182531926023,1.0,1.0
7.341355291288826,0.17891659197836982,1.0,1.0
7.541061458990573,0.19310024639787196,1.0,1.0
7.741305257684078,0.19476862781432208,1.0,1.0
7.94154698767999,0.19718030132775904,1.0,1.0
8.141795840507262,0.19913629493757068,1.0,1.0
8.34205060013133,0.20035083204579515,0.9500000000000001,0.9500000000000001
8.542308120783183,0.20096912995383562,0.9500000000000001,0.9500000000000001
8.742566554988915,0.201131062911714,0.9500000000000001,0.9500000000000001
8.942825031917932,0.20100853721603393,0.9500000000000001,0.9500000000000001
9.143083294009339,0.20068381922978581,0.9500000000000001,0.9500000000000001
9.343341438639818,0.20029167547289886,0.9500000000000001,0.9500000000000001
9.543599691496475,0.19996093915677712,1.0,1.0
9.743858051617314,0.19970798067168125,1.0,1.0
9.944116538258347,0.19958068072864196,1.0,1.0
10.144375058904831,0.19952724098293523,1.0,1.0
10.344633586956377,0.19953239422322905,1.0,1.0
10.544892109385398,0.19958117504453363,1.0,1.0
10.745150622958421,0.19965858994198604,1.0,1.0
10.945409130881416,0.19974962643740155,1.0,1.0
11.145667639403626,0.19983931919629042,1.0,1.0
11.34592615258309,0.1999178985672438,1.0,1.0
11.546184669921391,0.19998505694122667,1.0,1.0
11.746443190573263,0.20004148612870964,0.9500000000000001,0.9500000000000001
11.946701713804607,0.20008787799539265,0.9500000000000001,0.9500000000000001
12.146960238985683,0.2001249225550627,0.9500000000000001,0.9500000000000001
12.347218765584225,0.20015330374917145,0.9500000000000001,0.9500000000000001
12.547477293156994,0.2001737033487642,0.9500000000000001,0.9500000000000001
12.747735821342264,0.2001868026462975,0.9500000000000001,0.9500000000000001
12.94799434985287,0.20019328251248764,0.9500000000000001,0.9500000000000001
13.14825287846913,0.20019382345494757,0.9500000000000001,0.9500000000000001
13.348511407031946,0.20018910567666212,0.9500000000000001,0.9500000000000001
13.548769935435738,0.20017980913440928,0.9500000000000001,0.9500000000000001
13.749028463621599,0.20016661359716148,0.9500000000000001,0.9500000000000001
13.9492869915703,0.20015019870447248,0.9500000000000001,0.9500000000000001
14.149545519295373,0.20013124402468085,0.9500000000000001,0.9500000000000001
14.34980404683623,0.20011042911590893,0.9500000000000001,0.9500000000000001
14.550062574250138,0.2000884240651278,0.9500000000000001,0.9500000000000001
14.75032110158409,0.20006570216902225,0.9500000000000001,0.9500000000000001
14.95057962886898,0.20004255149547495,0.9500000000000001,0.9500000000000001
15.150838156136736,0.20001925293126416,0.9500000000000001,0.9500000000000001
15.351096683419891,0.19999608742405112,1.0,1.0
15.551355210750494,0.19997333596422562,1.0,1.0
15.751613738158774,0.19995127957524514,1.0,1.0
15.951872265672087,0.19993019930391767,1.0,1.0
16.152130793313635,0.19991037621068242,1.0,1.0
16.352389321101384,0.19989209135988364,1.0,1.0
16.552647849046807,0.19987562581004747,1.0,1.0
16.75290637715365,0.19986126060415352,1.0,1.0
16.95316490541692,0.19984927675990857,1.0,1.0
17.153423433821516,0.19983995526002044,1.0,1.0
17.353681962341156,0.19983357704247245,1.0,1.0
17.55394049093717,0.19983042299079407,1.0,1.0
17.754199019557362,0.19983077392434634,1.0,1.0
17.95445754813471,0.1998349105886023,1.0,1.0
18.154716076586347,0.1998431136454309,1.0,1.0
18.354974604812252,0.1998556636633907,1.0,1.0
18.555233132694223,0.1998728411080271,1.0,1.0
18.75549166009454,0.1998949263330412,1.0,1.0
18.955750186854925,0.1999221995818093,1.0,1.0
19.156008712789582,0.19995497441934565,1.0,1.0
19.356267237556782,0.19999422069150394,1.0,1.0
19.556525760582325,0.20004150561655723,0.9500000000000001,0.9500000000000001
19.756784281097264,0.2000984181168106,0.9500000000000001,0.9500000000000001
19.957042798103675,0.20016654665953762,0.9500000000000001,0.9500000000000001
20.157301310336962,0.20024747917778848,0.9500000000000001,0.9500000000000001
20.357559816228267,0.2003428029547627,0.9500000000000001,0.9500000000000001
20.557818313866882,0.2004541044814759,0.9500000000000001,0.9500000000000001
20.758076800963387,0.20058296867637862,0.9500000000000001,0.9500000000000001
20.9583352761951,0.20072917470467433,0.9500000000000001,0.9500000000000001
21.15859376521917,0.20086224867471256,0.9500000000000001,0.9500000000000001
21.35885118358596,0.20038987911209075,0.9500000000000001,0.9500000000000001
21.559074335156023,0.19706274019881848,1.0,1.0
21.75915582530586,0.18966389403438835,1.0,1.0
21.95914213974369,0.1842993915305348,1.0,1.0
22.15659778622764,0.15359312228128807,0.9656603957913984,0.9656603957913984
22.347803376249725,0.09521441398564309,1.019803902718557,1.019803902718557
22.544004970346474,0.056936628881930226,1.0,1.0
22.73826575413374,0.008318541883404687,1.019803902718557,1.019803902718557
22.931616011590577,-0.04339503131626363,1.05,1.05
23.12642955853217,-0.0894314478850942,1.0793516572461452,1.0793516572461452
23.315805978697025,-0.15429231940096613,1.1067971810589328,1.1067971810589328
23.50174483365633,-0.22865072425342056,1.0770329614269007,1.0770329614269007
23.68838237877994,-0.30121643442743357,1.1067971810589328,1.1067971810589328
23.86956645048754,-0.38620069719760236,1.0965856099730655,1.0965856099730655
24.04082659769428,-0.4899483929611791,1.0977249200050074,1.0977249200050074
24.208973453494416,-0.5985585003864501,1.0965856099730655,1.0965856099730655
24.352323519265717,-0.7375210263610753,1.0965856099730655,1.0965856099730655
24.48420631747923,-0.8881989014860188,1.1313708498984762,1.1313708498984762
24.606238519542302,-1.0467990643786094,1.0977249200050074,1.0977249200050074
24.696625108391586,-1.224958639611524,1.0965856099730655,1.0965856099730655
24.744435470596763,-1.4187112623030302,1.05,1.05
24.76200885106487,-1.6174286195317908,1.0,1.0
24.779596249678995,-1.8163653523798557,0.9617692030835672,0.9617692030835672
24.80192393937242,-2.0150746242588764,0.9513148795220223,0.9513148795220223
24.831675407890273,-2.2130993631940172,0.9219544457292888,0.9219544457292888
24.849226258696504,-2.4125202828206933,0.9,0.9
24.851234149330715,-2.612724969103855,0.9500000000000001,0.9500000000000001
24.848818420760082,-2.8129622890506782,0.9,0.9
24.84683521470342,-3.013207176164462,0.9,0.9
24.851468173452798,-3.2134057564464134,0.9486832980505139,0.9486832980505139
24.873007820088134,-3.412464391180031,0.9055385138137417,0.9055385138137417
24.90650645990326,-3.6098773529124815,0.9340770846134703,0.9340770846134703
24.945118668465625,-3.8063650386652297,0.912414379544733,0.912414379544733
24.991289151211355,-4.001222599028741,0.9219544457292888,0.9219544457292888
25.039785930010183,-4.195509295745951,0.9486832980505139,0.9486832980505139
25.101481098702997,-4.3859988328782435,0.9617692030835672,0.9617692030835672
25.17697250344206,-4.5714469782670655,0.9656603957913984,0.9656603957913984
25.26309009390205,-4.752215040309282,0.9848857801796105,0.9848857801796105
25.355493246212937,-4.92985930790859,0.9848857801796105,0.9848857801796105
25.458458006959347,-5.101585230567119,0.9861541461658011,0.9861541461658011
25.574321868652945,-5.26487473694661,0.9861541461658011,0.9861541461658011
25.70380779385439,-5.417592543992521,0.9899494936611666,0.9899494936611666
25.84539148675125,-5.559145812399855,0.9604686356149273,0.9604686356149273
25.996602833454446,-5.690425855742349,0.9899494936611666,0.9899494936611666
26.15464892583527,-5.813398525692276,0.9861541461658011,0.9861541461658011
26.3183674822336,-5.928699100447321,0.9861541461658011,0.9861541461658011
26.482539091166785,-6.043354269806153,0.95524865872714,0.95524865872714
26.646934721336653,-6.1576241464252,0.9604686356149273,0.9604686356149273
26.818478819219077,-6.260924580229106,0.9617692030835672,0.9617692030835672
26.993376475861567,-6.35846677965671,0.9486832980505139,0.9486832980505139
27.169948236021014,-6.452928657815327,0.9394147114027969,0.9394147114027969
27.34755934420396,-6.545425337583322,0.9178779875342911,0.9178779875342911
27.528345830509846,-6.63153288446851,0.9178779875342911,0.9178779875342911
27.712050180714524,-6.711242947045076,0.9340770846134703,0.9340770846134703
27.897340550680408,-6.787208253905955,0.9178779875342911,0.9178779875342911
28.082856196637874,-6.862623221655935,0.9340770846134703,0.9340770846134703
28.268701412025557,-6.93722152395333,0.9013878188659974,0.9013878188659974
28.455631050130293,-7.00905135020213,0.9340770846134703,0.9340770846134703
28.643480595633033,-7.078448342457128,0.9192388155425117,0.9192388155425117
28.83101526580477,-7.1486882513371,0.9013878188659974,0.9013878188659974
29.017490360452463,-7.221695794676277,0.9192388155425117,0.9192388155425117
29.203789188161835,-7.295153779902296,0.894427190999916,0.894427190999916
29.39093880266422,-7.366413384582335,0.9340770846134703,0.9340770846134703
29.578748808204747,-7.435917392749691,0.9178779875342911,0.9178779875342911
29.766550037326713,-7.505445278962129,0.9340770846134703,0.9340770846134703
29.95381944511324,-7.576390992911824,0.9178779875342911,0.9178779875342911
30.140168717678645,-7.649717865243643,0.9013878188659974,0.9013878188659974
30.325523842489947,-7.725525471993328,0.9192388155425117,0.9192388155425117
30.510829218289757,-7.801454920321549,0.9340770846134703,0.9340770846134703
30.69694079148649,-7.875385475663912,0.9340770846134703,0.9340770846134703
30.88216056128454,-7.9515056247464715,0.9340770846134703,0.9340770846134703
31.064012825327545,-8.035322207804155,0.9178779875342911,0.9178779875342911
31.242160241424823,-8.12674639984716,0.9394147114027969,0.9394147114027969
31.418730334918692,-8.22109401195281,0.9394147114027969,0.9394147114027969
31.59235381998381,-8.320698858743043,0.9604686356149273,0.9604686356149273
31.762741396193036,-8.425749734351271,0.9617692030835672,0.9617692030835672
31.929244208382904,-8.537014114170358,0.97082439194738,0.97082439194738
32.09280967083423,-8.652520914807951,0.9604686356149273,0.9604686356149273
32.25068963099142,-8.775683660905939,0.9604686356149273,0.9604686356149273
32.401029617262274,-8.907925484061005,0.9899494936611666,0.9899494936611666
32.54208587401105,-9.050019030003735,0.95524865872714,0.95524865872714
32.67391575577965,-9.20073097294163,0.97082439194738,0.97082439194738
32.798162357382566,-9.35776321953084,0.95524865872714,0.95524865872714
32.91541611405284,-9.520085511424211,0.9861541461658011,0.9861541461658011
33.024717041697066,-9.687866842816035,0.9861541461658011,0.9861541461658011
33.12885629873867,-9.858897577823061,0.9848857801796105,0.9848857801796105
33.230164673565646,-10.031640505824262,1.0,1.0
33.33227157094848,-10.203912325017821,0.97082439194738,0.97082439194738
33.431775973764786,-10.377692866405944,0.9848857801796105,0.9848857801796105
33.5239278578611,-10.555469093765172,0.9848857801796105,0.9848857801796105
33.607754916955265,-10.737309300023844,1.0062305898749055,1.0062305898749055
33.6856735318317,-10.92173506969348,1.0062305898749055,1.0062305898749055
33.756185629035016,-11.109157368531944,1.0295630140987002,1.0295630140987002
33.8209268883469,-11.298663036129321,1.0307764064044151,1.0307764064044151
33.8841490188413,-11.48867675070498,1.0124228365658294,1.0124228365658294
33.94488970070504,-11.679492138693227,1.0062305898749055,1.0062305898749055
33.995998843032815,-11.873064858689848,0.982344135219425,0.982344135219425
34.03495306571082,-12.069444921692664,0.9962429422585638,0.9962429422585638
34.06333640157832,-12.267648514796374,1.004987562112089,1.004987562112089
34.07966068993656,-12.467238270585298,1.0,1.0
34.09536212142716,-12.666849316721667,1.0,1.0
34.10410156667329,-12.866909710279034,1.05,1.05
34.10609599403709,-13.067147071487375,1.05,1.05
34.10066374715694,-13.267314086941305,1.044030650891055,1.044030650891055
34.087364992923895,-13.467111820174834,1.0,1.0
34.06712365570565,-13.666338546820466,1.0,1.0
34.04302955824184,-13.865109293477875,0.97082439194738,0.97082439194738
34.00713719466317,-14.062115788066096,1.019803902718557,1.019803902718557
33.97205652891152,-14.259260346734425,1.0,1.0
33.93451123733315,-14.455934110286789,0.97082439194738,0.97082439194738
33.88523560173363,-14.64998636272383,0.9617692030835672,0.9617692030835672
33.82737183893913,-14.841673046025894,0.9656603957913984,0.9656603957913984
33.76316122793866,-15.03135338345805,0.982344135219425,0.982344135219425
33.6963955889257,-15.220153354627309,0.9340770846134703,0.9340770846134703
33.62444931483367,-15.407024328417068,0.9617692030835672,0.9617692030835672
33.54355366982004,-15.590199726539897,0.9394147114027969,0.9394147114027969
33.453041132953466,-15.768786890726956,0.9848857801796105,0.9848857801796105
33.36259721953948,-15.947439560586982,0.97082439194738,0.97082439194738
33.271883606648395,-16.12594279034239,0.9617692030835672,0.9617692030835672
33.1731946727794,-16.300174538020528,0.9617692030835672,0.9617692030835672
33.0664846922077,-16.469609754324875,0.9604686356149273,0.9604686356149273
32.951127521444086,-16.633280071467283,0.9604686356149273,0.9604686356149273
32.827650264332654,-16.790914500050263,0.95524865872714,0.95524865872714
32.698428247051666,-16.943867876391188,0.95524865872714,0.95524865872714
32.563215128946005,-17.09156785385223,0.9899494936611666,0.9899494936611666
32.423698685397035,-17.23520817535218,0.9899494936611666,0.9899494936611666
32.28049049946093,-17.375179562686345,0.9899494936611666,0.9899494936611666
32.1342842249794,-17.512022389633636,0.9899494936611666,0.9899494936611666
31.986233544623836,-17.646870975794343,0.95524865872714,0.95524865872714
31.837405330824403,-17.780861491625366,0.97082439194738,0.97082439194738
31.689442917240186,-17.915801048169552,0.9899494936611666,0.9899494936611666
31.54197587008736,-18.051285192241405,0.9899494936611666,0.9899494936611666
31.39047380842962,-18.182139382353405,0.95524865872714,0.95524865872714
31.23403143788072,-18.3070740260969,0.95524865872714,0.95524865872714
31.071425395425784,-18.42391335257599,0.9433981132056604,0.9433981132056604
30.904236127036544,-18.534105574185954,0.9617692030835672,0.9617692030835672
30.737958798120438,-18.645689005032235,0.9300537618869138,0.9300537618869138
30.57264090739913,-18.75867970783595,0.9604686356149273,0.9604686356149273
30.40270241806499,-18.864586865598227,0.9617692030835672,0.9617692030835672
30.227953717005434,-18.96236640906027,0.9617692030835672,0.9617692030835672
30.05014987301507,-19.054445019125133,0.9962429422585638,0.9962429422585638
29.87117701018051,-19.14405396249355,0.9656603957913984,0.9656603957913984
29.692620564230886,-19.234747388588293,0.9433981132056604,0.9433981132056604
29.519015016671958,-19.334579291706792,0.9656603957913984,0.9656603957913984
29.341081536962598,-19.426389916229184,0.9617692030835672,0.9617692030835672
29.158491964989793,-19.508595221626525,0.9848857801796105,0.9848857801796105
28.972623026484417,-19.58309094517001,0.97082439194738,0.97082439194738
28.785053358053077,-19.65320196168938,1.0062305898749055,1.0062305898749055
28.598878139049216,-19.72695432966749,0.9656603957913984,0.9656603957913984
28.414245352123388,-19.804504502868078,1.0124228365658294,1.0124228365658294
28.228215774571314,-19.87858297240754,0.9656603957913984,0.9656603957913984
28.039013903501118,-19.94414792912463,0.9486832980505139,0.9486832980505139
27.847231548699934,-20.001742796217393,0.9962429422585638,0.9962429422585638
27.653918813682665,-20.05402139894152,1.0111874208078342,1.0111874208078342
27.460849724148883,-20.107170809680824,0.9962429422585638,0.9962429422585638
27.268583451158793,-20.1631768465534,0.982344135219425,0.982344135219425
27.07520368302382,-20.215163259437176,0.982344135219425,0.982344135219425
26.879704051834462,-20.25849809002579,0.982344135219425,0.982344135219425
26.682893255382343,-20.2954825547514,0.9340770846134703,0.9340770846134703
26.487056103273872,-20.336883392763312,0.9486832980505139,0.9486832980505139
26.292979293593916,-20.385624408090045,0.9340770846134703,0.9340770846134703
26.09448526718212,-20.409223205401958,0.9219544457292888,0.9219544457292888
25.89588835761073,-20.43461624619271,0.9,0.9
25.696317021494075,-20.450654274768876,0.9500000000000001,0.9500000000000001
25.496128509446056,-20.455426148237088,0.9500000000000001,0.9500000000000001
25.295882242775452,-20.453591326192615,0.9500000000000001,0.9500000000000001
25.095681329790033,-20.448803944664512,0.9,0.9
24.89546971627994,-20.44453306794992,0.9,0.9
24.69522883164652,-20.445777114468054,0.9,0.9
24.495203862135273,-20.4553775419936,0.9340770846134703,0.9340770846134703
24.29541955760752,-20.46917246353041,0.9013878188659974,0.9013878188659974
24.096017091241023,-20.487567201926137,0.9,0.9
23.896039485605858,-20.497467461171798,0.9,0.9
23.695799030493298,-20.500107083624197,0.9500000000000001,0.9500000000000001
23.495544579128385,-20.50134848997515,0.9500000000000001,0.9500000000000001
23.295286498648473,-20.50162671339529,0.9500000000000001,0.9500000000000001
23.095028047576267,-20.501522195744247,0.9500000000000001,0.9500000000000001
22.89477017904831,-20.501014459720892,0.9500000000000001,0.9500000000000001
22.69451287751377,-20.500313953355874,0.9500000000000001,0.9500000000000001
22.49425558098242,-20.499611984305,0.9,0.9
22.29399772414044,-20.499099392377993,0.9,0.9
22.093739282310047,-20.498967688533227,0.9,0.9
21.893481108502368,-20.49932713865942,0.9,0.9
21.693223233397767,-20.49983880092125,0.9,0.9
21.492965065831942,-20.500211239523182,0.9500000000000001,0.9500000000000001
21.292706927526567,-20.49996741101604,0.9,0.9
21.092455385752586,-20.500409825307763,0.9340770846134703,0.9340770846134703
20.892710505630287,-20.51479841100898,0.9013878188659974,0.9013878188659974
20.693642697508306,-20.536485710106003,0.9,0.9
20.493880397480588,-20.549395687872547,0.9,0.9
20.29366498202766,-20.552726659920108,0.9500000000000001,0.9500000000000001
20.09340713150535,-20.552467824077652,0.9500000000000001,0.9500000000000001
19.893153497676387,-20.551072079802967,0.9500000000000001,0.9500000000000001
19.692898562916962,-20.549881101314767,0.9,0.9
19.492641063164736,-20.549242789251437,0.9,0.9
19.292382791759618,-20.548940767729768,0.9,0.9
19.092124283915375,-20.54898047531668,0.9,0.9
18.891865970571388,-20.549268688065936,0.9,0.9
18.691607932212058,-20.54971085134951,0.9,0.9
18.49134999798625,-20.550198743838216,0.9500000000000001,0.9500000000000001
18.291091902666082,-20.550613685463713,0.9500000000000001,0.9500000000000001
18.090833510422634,-20.550836630706176,0.9500000000000001,0.9500000000000001
17.89057500317697,-20.550782400979486,0.9500000000000001,0.9500000000000001
17.690316677713003,-20.550501771692137,0.9500000000000001,0.9500000000000001
17.4900585947481,-20.55008018059808,0.9500000000000001,0.9500000000000001
17.2898006352169,-20.549602780647884,0.9,0.9
17.089542609553774,-20.549154401797527,0.9,0.9
16.889284296281026,-20.54887302992407,0.9,0.9
16.68902592696119,-20.549055560295283,0.9,0.9
16.488769928144666,-20.550026781915435,0.9500000000000001,0.9500000000000001
16.28852251427749,-20.552107497697246,0.9500000000000001,0.9500000000000001
16.08827473639481,-20.554031341569416,0.9500000000000001,0.9500000000000001
15.888304633907827,-20.544741429970035,0.9,0.9
15.689538605368298,-20.520714994153348,0.9013878188659974,0.9013878188659974
15.489866458556914,-20.50537252108027,0.9340770846134703,0.9340770846134703
15.28965756721635,-20.50135999698283,0.9500000000000001,0.9500000000000001
15.089409179650263,-20.499364889625966,0.9,0.9
14.889153671385323,-20.498301369107182,0.9,0.9
14.688895328817198,-20.49811925202398,0.9,0.9
14.488637534969051,-20.49863027311887,0.9,0.9
14.28838164162939,-20.49965343127392,0.9,0.9
14.088126437309546,-20.50080707642237,0.9500000000000001,0.9500000000000001
13.887869893394003,-20.501688468681056,0.9500000000000001,0.9500000000000001
13.687611681087933,-20.501821977784175,0.9500000000000001,0.9500000000000001
13.487365805245055,-20.500065413340046,0.9500000000000001,0.9500000000000001
13.287202168032277,-20.49492824972913,0.9013878188659974,0.9013878188659974
13.087244308165051,-20.48566062734818,0.9340770846134703,0.9340770846134703
12.88781842183802,-20.468978441934645,0.9617692030835672,0.9617692030835672
12.689178197544287,-20.444804767050222,0.9617692030835672,0.9617692030835672
12.491982549560245,-20.41002938752277,1.0012492197250393,1.0012492197250393
12.296980151721911,-20.364558399422435,1.0111874208078342,1.0111874208078342
12.104767291252633,-20.30844400509051,0.9962429422585638,0.9962429422585638
11.916385976120527,-20.240656627921837,0.9656603957913984,0.9656603957913984
11.73607777270814,-20.15375317408052,0.97082439194738,0.97082439194738
11.566039669256723,-20.04807342970521,0.9604686356149273,0.9604686356149273
11.402745293544488,-19.9322193491596,0.9604686356149273,0.9604686356149273
11.249015245810952,-19.804001251146506,0.95524865872714,0.95524865872714
11.108772826023715,-19.661146095114656,0.9899494936611666,0.9899494936611666
10.980478836296806,-19.50743262890736,0.9604686356149273,0.9604686356149273
10.861913404127163,-19.346107534955557,0.9848857801796105,0.9848857801796105
10.755361626684548,-19.176647886717713,1.0062305898749055,1.0062305898749055
10.663589316435756,-18.99872121120637,1.0062305898749055,1.0062305898749055
10.581486878023824,-18.816060711157647,0.9962429422585638,0.9962429422585638
10.501110339614623,-18.632659877553223,1.0062305898749055,1.0062305898749055
10.431032343246581,-18.445110433709814,0.9962429422585638,0.9962429422585638
10.375723142686425,-18.25269202469143,0.9962429422585638,0.9962429422585638
10.334867155173415,-18.05670598715528,0.982344135219425,0.982344135219425
10.308939818666982,-17.85818737340234,1.0111874208078342,1.0111874208078342
10.298361625122132,-17.65823347661122,1.0,1.0
10.29551647937252,-17.45800981698749,0.9962429422585638,0.9962429422585638
10.306026274386307,-17.25813753547006,1.004987562112089,1.004987562112089
10.331129408033458,-17.059549298105853,0.97082439194738,0.97082439194738
10.367271655259785,-16.86259671791184,0.982344135219425,0.982344135219425
10.415538121974182,-16.668288886236052,0.982344135219425,0.982344135219425
10.477462073797726,-16.477884053015732,0.9617692030835672,0.9617692030835672
10.54916204293525,-16.29093516768257,0.9340770846134703,0.9340770846134703
10.627843308788467,-16.10680224880882,0.9617692030835672,0.9617692030835672
10.713049570907215,-15.92558349526668,0.9617692030835672,0.9617692030835672
10.805574946944398,-15.748011447855712,0.9604686356149273,0.9604686356149273
10.908636085979891,-15.576351137075566,0.9617692030835672,0.9617692030835672
11.021305252319962,-15.410813875966287,0.9604686356149273,0.9604686356149273
11.140062155550188,-15.249575905166465,0.9219544457292888,0.9219544457292888
11.263386225247618,-15.0918040900793,0.95524865872714,0.95524865872714
11.391484989820398,-14.93788571913144,0.9219544457292888,0.9219544457292888
11.52479319497174,-14.78845968370762,0.95524865872714,0.95524865872714
11.663978177344326,-14.644497749353077,0.95524865872714,0.95524865872714
11.80958530144218,-14.507035841022807,0.97082439194738,0.97082439194738
11.959539398172549,-14.374309419590572,0.95524865872714,0.95524865872714
12.111529020020413,-14.243918914261537,0.95524865872714,0.95524865872714
12.265259933590524,-14.115586842223847,0.9604686356149273,0.9604686356149273
12.422534100864011,-13.991638513344204,0.9433981132056604,0.9433981132056604
12.58545453290266,-13.875228924076431,0.9433981132056604,0.9433981132056604
12.753490998542857,-13.766313415394242,0.97082439194738,0.97082439194738
12.923888612681623,-13.66111100913347,0.9617692030835672,0.9617692030835672
13.097209101647847,-13.560844058139994,0.9604686356149273,0.9604686356149273
13.277422477739059,-13.473701885103571,0.9486832980505139,0.9486832980505139
13.464959478901514,-13.403569396027157,0.982344135219425,0.982344135219425
13.651746196424856,-13.331364171156855,0.9486832980505139,0.9486832980505139
13.838729437996081,-13.25982977077855,0.9486832980505139,0.9486832980505139
14.030367299888326,-13.202089486272893,0.9486832980505139,0.9486832980505139
14.226662423412096,-13.162935425195812,0.9219544457292888,0.9219544457292888
14.426125131385058,-13.146054133615447,0.9,0.9
14.625984987592915,-13.133976784391056,0.9,0.9
14.825339364545389,-13.115150692189433,0.9055385138137417,0.9055385138137417
15.024730929420066,-13.097288614341064,0.9,0.9
15.22492204217494,-13.096628647413132,0.9,0.9
15.425064727318265,-13.1033471843976,0.9500000000000001,0.9500000000000001
15.625303190926074,-13.103413937217477,0.9500000000000001,0.9500000000000001
15.825056768043297,-13.089938453666715,0.9,0.9
16.024053935894564,-13.067559428236214,0.9013878188659974,0.9013878188659974
16.223753481802113,-13.05297219331463,0.9340770846134703,0.9340770846134703
16.42391418916731,-13.047185577926234,0.9,0.9
16.6241670173957,-13.046089527052322,0.9,0.9
16.824400019641445,-13.049091259732554,0.9,0.9
17.024592126832392,-13.054245676569002,0.9500000000000001,0.9500000000000001
17.224801544038574,-13.05246596675727,0.9500000000000001,0.9500000000000001
17.424768254717367,-13.041686540005001,0.9,0.9
17.624222159768102,-13.024331740548664,0.9,0.9
17.82353841082302,-13.00511712276365,0.9219544457292888,0.9219544457292888
18.02371152848064,-12.999535776482798,0.9,0.9
18.223969100312527,-12.999032191304776,0.9,0.9
18.424227474372614,-12.999263695120753,0.9,0.9
18.624485797573737,-12.999549962754907,0.9,0.9
18.8247441984241,-12.999775612938985,0.9,0.9
19.02500265359426,-12.999946525745427,0.9,0.9
19.225261144667012,-13.000068490633149,0.9500000000000001,0.9500000000000001
19.42551965746882,-13.000147302314009,0.9500000000000001,0.9500000000000001
19.62577818157133,-13.00018875938254,0.9500000000000001,0.9500000000000001
19.82603670979085,-13.000198663634936,0.9500000000000001,0.9500000000000001
20.026295237686224,-13.00018281943618,0.9500000000000001,0.9500000000000001
20.2265537630556,-13.000147033088245,0.9500000000000001,0.9500000000000001
20.426812285432035,-13.000097112198887,0.9500000000000001,0.9500000000000001
20.627070805578462,-13.000038865051026,0.9500000000000001,0.9500000000000001
20.82732932498235,-12.999978099972626,0.9,0.9
21.027587845350077,-12.999920624706629,0.9,0.9
21.227846368101485,-12.99987224578138,0.9,0.9
21.428104893864926,-12.999838767857842,0.9,0.9
21.62836342197281,-12.99982599209465,0.9,0.9
21.82862194982409,-12.999840966647838,0.9,0.9
22.028880472960864,-12.99988723677467,0.9,0.9
22.229138990061422,-12.99995502297244,0.9,0.9
22.42939750336533,-13.000033339732026,0.9500000000000001,0.9500000000000001
22.629656016863887,-13.000111151603466,0.9500000000000001,0.9500000000000001
22.829914534490392,-13.000177342689383,0.9500000000000001,0.9500000000000001
23.030173058266065,-13.000220684026365,0.9500000000000001,0.9500000000000001
23.23043158637273,-13.000229799997767,0.9500000000000001,0.9500000000000001
23.430690111142557,-13.000193190907417,0.9500000000000001,0.9500000000000001
23.63094860878686,-13.000085253310244,0.9500000000000001,0.9500000000000001
23.831207005410658,-12.999858597859411,0.9,0.9
24.03146514729459,-12.99946859554448,0.9,0.9
24.231722718492396,-12.998853199240115,0.9,0.9
24.4319758638782,-12.997534327267866,0.9,0.9
24.631733592663007,-12.984996759501488,0.9013878188659974,0.9013878188659974
24.8297425524812,-12.95605113924036,0.9340770846134703,0.9340770846134703
25.026825872616715,-12.919849410728162,0.9486832980505139,0.9486832980505139
25.21867994631061,-12.863394901422126,0.9656603957913984,0.9656603957913984
25.40066762278115,-12.779763258535583,0.97082439194738,0.97082439194738
25.574024094595497,-12.679707243539738,0.97082439194738,0.97082439194738
25.73220580156859,-12.556572679813609,0.9899494936611666,0.9899494936611666
25.87125358349295,-12.412251667331065,0.9924716620639604,0.9924716620639604
25.98431549622039,-12.247077093311356,0.9604686356149273,0.9604686356149273
26.084781657202527,-12.073659936494495,0.9617692030835672,0.9617692030835672
26.17450780144388,-11.894714552010287,0.9617692030835672,0.9617692030835672
26.24476133504805,-11.707249012668766,0.9486832980505139,0.9486832980505139
26.291961999433664,-11.512762133262319,0.95524865872714,0.95524865872714
26.314457166944575,-11.313330011403695,1.0,1.0
26.311011691621246,-11.112571061975004,1.0,1.0
26.276742380271404,-10.915351503229353,0.97082439194738,0.97082439194738
26.217074505392723,-10.724254515878126,0.9848857801796105,0.9848857801796105
26.13648658717506,-10.540981752051167,0.9861541461658011,0.9861541461658011
26.04096791861829,-10.36501169289483,0.9656603957913984,0.9656603957913984
25.933104736009216,-10.196331296225067,0.97082439194738,0.97082439194738
25.80981241615562,-10.038653292898397,0.97082439194738,0.97082439194738
25.669704719540857,-9.895651391831123,0.9899494936611666,0.9899494936611666
25.51949487540665,-9.76322731565995,1.0,1.0
25.365092877669472,-9.63571231576894,0.9861541461658011,0.9861541461658011
25.21325284500976,-9.505198269482966,0.95524865872714,0.95524865872714
25.061226555792377,-9.374913189078804,0.9433981132056604,0.9433981132056604
24.90761748014176,-9.246470981626436,0.9013878188659974,0.9013878188659974
24.74570697839682,-9.128901052626942,0.9300537618869138,0.9300537618869138
24.577322784351836,-9.020509620298519,0.9300537618869138,0.9300537618869138
24.407149440913074,-8.914942098462728,0.9300537618869138,0.9300537618869138
24.23824625110318,-8.807353590384778,0.9178779875342911,0.9178779875342911
24.0709214792461,-8.69733580751269,0.9013878188659974,0.9013878188659974
23.902778986702973,-8.588564869311202,0.9013878188659974,0.9013878188659974
23.73327685602711,-8.481924709484579,0.9178779875342911,0.9178779875342911
23.56288903239146,-8.376704743258928,0.9178779875342911,0.9178779875342911
23.392438405391296,-8.27158600130863,0.9300537618869138,0.9300537618869138
23.222450794890932,-8.16571971823778,0.9300537618869138,0.9300537618869138
23.05236326960547,-8.060014394369222,0.9178779875342911,0.9178779875342911
22.88159486989096,-7.955412692915098,0.9178779875342911,0.9178779875342911
22.71030847302928,-7.85166102806655,0.9300537618869138,0.9300537618869138
22.538823217667137,-7.748238192404077,0.9178779875342911,0.9178779875342911
22.367188349347934,-7.645063882318978,0.9013878188659974,0.9013878188659974
22.19525845482828,-7.542382364852772,0.9178779875342911,0.9178779875342911
22.023151186954994,-7.4399979922351225,0.9178779875342911,0.9178779875342911
21.85081740556273,-7.337995445957959,0.894427190999916,0.894427190999916
21.678115508477948,-7.236617551636637,0.9178779875342911,0.9178779875342911
21.50503428894231,-7.135888513773543,0.9013878188659974,0.9013878188659974
21.331622944831132,-7.035728913601802,0.9178779875342911,0.9178779875342911
21.157842403871317,-6.936211288722163,0.9013878188659974,0.9013878188659974
20.98380492249941,-6.837143484210858,0.9178779875342911,0.9178779875342911
20.809845311530097,-6.7379390783007675,0.9013878188659974,0.9013878188659974
20.6361275261071,-6.638311779840319,0.9178779875342911,0.9178779875342911
20.462342757417975,-6.538801488310596,0.9013878188659974,0.9013878188659974
20.287993447150146,-6.440284412651424,0.9178779875342911,0.9178779875342911
20.11289674527396,-6.34310140732911,0.894427190999916,0.894427190999916
19.937312575171067,-6.24680192662444,0.9178779875342911,0.9178779875342911
19.761441462887444,-6.151028291081968,0.9300537618869138,0.9300537618869138
19.585930635518253,-6.0545951900159425,0.9178779875342911,0.9178779875342911
19.410787926501282,-5.957494690572669,0.9394147114027969,0.9394147114027969
19.23547118478038,-5.8607091683395085,0.9300537618869138,0.9300537618869138
19.059340745461178,-5.765414163579224,0.9178779875342911,0.9178779875342911
18.882383057660114,-5.671662469180028,0.9394147114027969,0.9394147114027969
18.705396177668266,-5.577965838606087,0.9178779875342911,0.9178779875342911
18.52868895210906,-5.483744262552914,0.9178779875342911,0.9178779875342911
18.351939696367598,-5.389601373996525,0.894427190999916,0.894427190999916
18.173537567974837,-5.298639785102009,0.894427190999916,0.894427190999916
17.992802591292584,-5.212401938125916,0.9192388155425117,0.9192388155425117
17.81107193644611,-5.128274548130129,0.9178779875342911,0.9178779875342911
17.629731617355176,-5.043310722580792,0.9178779875342911,0.9178779875342911
17.44781507353232,-4.959589395742828,0.9192388155425117,0.9192388155425117
17.264129538681132,-4.87983528245167,0.9178779875342911,0.9178779875342911
17.078175953238304,-4.805521432206125,0.9340770846134703,0.9340770846134703
16.8905197472729,-4.735611599561747,0.9192388155425117,0.9192388155425117
16.701415452335674,-4.669718759293474,0.9192388155425117,0.9192388155425117
16.510902362165808,-4.608019450502521,0.9340770846134703,0.9340770846134703
16.319294953096044,-4.549804088262182,0.8860022573334675,0.8860022573334675
16.12660536987113,-4.495279476393876,0.9013878188659974,0.9013878188659974
15.932377133517143,-4.44654428413562,0.9013878188659974,0.9013878188659974
15.736227537313097,-4.406248701964982,0.9340770846134703,0.9340770846134703
15.539149508660294,-4.370702082410197,0.9219544457292888,0.9219544457292888
15.342344642160313,-4.333679759853994,0.9013878188659974,0.9013878188659974
15.143576108209283,-4.309913353307808,0.9340770846134703,0.9340770846134703
14.943379146018248,-4.303412704787762,0.9500000000000001,0.9500000000000001
14.74325957695093,-4.296749237188597,0.9,0.9
14.544129920418609,-4.275641059531521,0.9013878188659974,0.9013878188659974
14.344939099380888,-4.255233368366461,0.9340770846134703,0.9340770846134703
14.144886600991676,-4.246890593180488,0.9,0.9
13.944665977978604,-4.249466482684687,0.9,0.9
13.744451837499755,-4.253341233114981,0.9500000000000001,0.9500000000000001
13.54440735353089,-4.245007498979147,0.9,0.9
13.345048231770408,-4.226192797078483,0.9055385138137417,0.9055385138137417
13.145769678665978,-4.206396722938292,0.9486832980505139,0.9486832980505139
12.945807425986576,-4.19620445950346,0.9,0.9
12.745560454560737,-4.19728514113223,0.9,0.9
12.545338341927073,-4.196319802410691,0.9,0.9
12.346176620085906,-4.176564312361237,0.9055385138137417,0.9055385138137417
12.14670436361714,-4.1602776827697285,0.9486832980505139,0.9486832980505139
11.94687020264967,-4.147125204131046,0.9,0.9
11.746665296123675,-4.145087613503398,0.9,0.9
11.546498135406248,-4.1510223096824665,0.9500000000000001,0.9500000000000001
11.346291833818157,-4.155432640239398,0.9500000000000001,0.9500000000000001
11.146047793992137,-4.155019709349425,0.9486832980505139,0.9486832980505139
10.946785863653787,-4.137692553649981,0.9,0.9
10.74858317269004,-4.109805458787481,0.912414379544733,0.912414379544733
10.548263838164596,-4.104960542439385,0.9219544457292888,0.9219544457292888
10.348653565911475,-4.121177301796835,0.9,0.9
10.149672345831787,-4.143573998620119,0.9,0.9
9.94965451685888,-4.152842505328739,0.9500000000000001,0.9500000000000001
9.749404466714427,-4.152398433342118,0.9500000000000001,0.9500000000000001
9.549180974379075,-4.148667201646967,0.9,0.9
9.348931570890027,-4.147542949771044,0.9,0.9
9.148849798771717,-4.155168992209952,0.9219544457292888,0.9219544457292888
8.950293226119829,-4.180703510698158,0.9013878188659974,0.9013878188659974
8.754617678739823,-4.223379269882619,0.9219544457292888,0.9219544457292888
8.563081244830244,-4.281157383202553,0.9178779875342911,0.9178779875342911
8.380504494899737,-4.363283145681124,0.9300537618869138,0.9300537618869138
8.20774751686535,-4.464438545388405,0.9394147114027969,0.9394147114027969
8.046245528759215,-4.582718562930851,0.9013878188659974,0.9013878188659974
7.89774402284055,-4.717025904593209,0.9192388155425117,0.9192388155425117
7.765987520523656,-4.867700897532228,0.95524865872714,0.95524865872714
7.650970667114225,-5.031527342850279,0.9604686356149273,0.9604686356149273
7.552955681870602,-5.2061442592947325,0.9848857801796105,0.9848857801796105
7.467804877331565,-5.387369552401195,0.9617692030835672,0.9617692030835672
7.390697293870106,-5.57218383842646,0.9486832980505139,0.9486832980505139
7.31708137691305,-5.75840727472928,0.97082439194738,0.97082439194738
7.258121804892512,-5.9496957278842455,0.9617692030835672,0.9617692030835672
7.218876862082751,-6.146028294385471,0.9617692030835672,0.9617692030835672
7.186785896970789,-6.343695498943117,0.9500000000000001,0.9500000000000001
7.163610537488271,-6.542560857612325,0.9617692030835672,0.9617692030835672
7.155067586381312,-6.742648383344828,1.0,1.0
7.149485388867959,-6.942829581109773,0.9500000000000001,0.9500000000000001
7.145892863357107,-7.143030694337775,0.9500000000000001,0.9500000000000001
7.138187882622353,-7.343138363387059,0.9513148795220223,0.9513148795220223
7.130706689071879,-7.5432550317326035,0.982344135219425,0.982344135219425
7.125948270978716,-7.743456212849733,1.0,1.0
7.122399452083913,-7.943680662709909,1.0,1.0
7.111688215135313,-8.143493515295992,1.0111874208078342,1.0111874208078342
7.074651570233799,-8.34009527740178,1.0012492197250393,1.0012492197250393
7.023873576940563,-8.53375515808523,0.982344135219425,0.982344135219425
6.969630744807888,-8.726355536919467,1.0062305898749055,1.0062305898749055
6.910961293092226,-8.917790805338093,1.019803902718557,1.019803902718557
6.842569811482818,-9.106000407633005,0.9848857801796105,0.9848857801796105
6.769010323529505,-9.292244399925528,1.0124228365658294,1.0124228365658294
6.686069122649025,-9.47449392164363,0.9962429422585638,0.9962429422585638
6.5952137544592615,-9.65294846884864,0.9861541461658011,0.9861541461658011
6.503415299060019,-9.830907239949145,1.0295630140987002,1.0295630140987002
6.408789409839884,-10.007347297002955,1.0062305898749055,1.0062305898749055
6.312620800376755,-10.182963558928195,0.9656603957913984,0.9656603957913984
6.218713609208762,-10.359784957565608,0.97082439194738,0.97082439194738
6.123918973451854,-10.536239369336052,0.9340770846134703,0.9340770846134703
6.019123812574501,-10.70670231401218,0.9178779875342911,0.9178779875342911
5.912390929411225,-10.876049343718714,0.9178779875342911,0.9178779875342911
5.80553657509056,-11.045404178324969,0.9013878188659974,0.9013878188659974
5.697249779609253,-11.213857912290262,0.890224690738243,0.890224690738243
5.587171464860318,-11.381148437537107,0.890224690738243,0.890224690738243
5.477895229598192,-11.548959461886966,0.890224690738243,0.890224690738243
5.370251830931321,-11.717826733539846,0.9013878188659974,0.9013878188659974
5.260655316838154,-11.885426615577787,0.9013878188659974,0.9013878188659974
5.150589250402502,-12.052724965140564,0.9300537618869138,0.9300537618869138
5.041154632780092,-12.220437565252482,0.890224690738243,0.890224690738243
4.932252293190867,-12.388494901096088,0.890224690738243,0.890224690738243
4.824534577893011,-12.557315002254539,0.9178779875342911,0.9178779875342911
4.714560516975046,-12.724662403421325,0.9013878188659974,0.9013878188659974
4.6045539365270844,-12.892002162714277,0.9013878188659974,0.9013878188659974
4.495405237268254,-13.059902339988625,0.890224690738243,0.890224690738243
4.387479076075961,-13.22858418250645,0.890224690738243,0.890224690738243
4.277801557239376,-13.396136846526895,0.890224690738243,0.890224690738243
4.166608790176938,-13.56268890677105,0.9178779875342911,0.9178779875342911
4.0552852519056195,-13.729153756475245,0.9178779875342911,0.9178779875342911
3.9443360847216358,-13.895868260789602,0.8746427842267951,0.8746427842267951
3.8335538889698593,-14.062693799296863,0.9013878188659974,0.9013878188659974
3.7224510748990136,-14.22930567112564,0.9013878188659974,0.9013878188659974
3.611058985599463,-14.395724605598696,0.9013878188659974,0.9013878188659974
3.4999031148040802,-14.56230145724355,0.890224690738243,0.890224690738243
3.388141027552424,-14.728471726312703,0.890224690738243,0.890224690738243
3.2747871611454076,-14.893558896944576,0.890224690738243,0.890224690738243
3.1603070392246386,-15.05786874276895,0.9178779875342911,0.9178779875342911
3.0457428177884,-15.222120032928657,0.8845903006477066,0.8845903006477066
2.9317533538064655,-15.386770750692605,0.890224690738243,0.890224690738243
2.817457185333695,-15.551208381264143,0.9178779875342911,0.9178779875342911
2.7016830471321542,-15.714608218570724,0.9219544457292888,0.9219544457292888
2.5844630545568967,-15.876974519145458,0.890224690738243,0.890224690738243
2.466970111305237,-16.039143820405044,0.890224690738243,0.890224690738243
2.349689950284501,-16.20146707663835,0.890224690738243,0.890224690738243
2.2320420653193676,-16.36352365449735,0.9013878188659974,0.9013878188659974
2.11279754347624,-16.5244078296969,0.9013878188659974,0.9013878188659974
1.9917359333893931,-16.683930067602248,0.8845903006477066,0.8845903006477066
1.8700813463251766,-16.843001229536817,0.890224690738243,0.890224690738243
1.7490437341470038,-17.002542189557655,0.890224690738243,0.890224690738243
1.6273006617236485,-17.161541154912914,0.9013878188659974,0.9013878188659974
1.5008285221147761,-17.316780262538476,0.9192388155425117,0.9192388155425117
1.3706875989902974,-17.46897613428872,0.9178779875342911,0.9178779875342911
1.2443683011367488,-17.62435505742476,0.8845903006477066,0.8845903006477066
1.1153279269756802,-17.77732684540396,0.9300537618869138,0.9300537618869138
0.9753252558810641,-17.9205265339532,0.9604686356149273,0.9604686356149273
0.8330195935807759,-18.06140508004228,0.9899494936611666,0.9899494936611666
0.6906706126103318,-18.202253830087507,0.9899494936611666,0.9899494936611666
0.5482520580653899,-18.343035025149806,0.95524865872714,0.95524865872714
0.4011508672151603,-18.47889445630366,0.9899494936611666,0.9899494936611666
0.2447402047267068,-18.603868696059067,0.97082439194738,0.97082439194738
0.07998412340874261,-18.717622769750967,0.97082439194738,0.97082439194738
-0.09212075769893081,-18.819953667957883,0.9848857801796105,0.9848857801796105
-0.2696230699276252,-18.912617209319656,0.9848857801796105,0.9848857801796105
-0.45229237834863484,-18.99464774138613,0.9617692030835672,0.9617692030835672
-0.6370885657768237,-19.07180330159878,0.9848857801796105,0.9848857801796105
-0.8238083518854087,-19.144122676299972,0.9617692030835672,0.9617692030835672
-1.0134399428401806,-19.20843622807125,0.982344135219425,0.982344135219425
-1.2058072670050661,-19.263988763620723,0.9962429422585638,0.9962429422585638
-1.4007195949921931,-19.309851413986745,0.982344135219425,0.982344135219425
-1.5980229187992905,-19.343986900174702,0.95524865872714,0.95524865872714
-1.7962308296777776,-19.37212811143252,1.0,1.0
-1.9964163571664661,-19.375163792281874,1.0,1.0
-2.196671197215818,-19.374028915828312,1.0,1.0
-2.3969215148317202,-19.37556412721105,1.0,1.0
-2.597164811669618,-19.378016065230124,1.0,1.0
-2.79742161659161,-19.377857272099735,1.0,1.0
-2.9975585558534013,-19.371098947517122,1.0,1.0
-3.197212514921719,-19.355813281577884,1.0,1.0
-3.3960848143657665,-19.332459670815297,0.95524865872714,0.95524865872714
-3.593604844825905,-19.299555360251148,0.9486832980505139,0.9486832980505139
-3.7893846095691024,-19.257553542937107,0.982344135219425,0.982344135219425
-3.9839693303811723,-19.210242745313614,0.9617692030835672,0.9617692030835672
-4.1774836872454415,-19.158764830148677,0.9656603957913984,0.9656603957913984
-4.370454060193344,-19.10525267346852,0.9486832980505139,0.9486832980505139
-4.561019153419871,-19.043960298740167,0.9192388155425117,0.9192388155425117
-4.748689530664624,-18.97419962518393,0.9192388155425117,0.9192388155425117
-4.9338050562573965,-18.897828208413948,0.894427190999916,0.894427190999916
-5.116516713199518,-18.81586747470371,0.9394147114027969,0.9394147114027969
-5.297033519338857,-18.729180208847655,0.9178779875342911,0.9178779875342911
-5.4750254451472005,-18.637421420595373,0.9178779875342911,0.9178779875342911
-5.650099686636599,-18.54020956562516,0.9178779875342911,0.9178779875342911
-5.823111254369382,-18.439363348809852,0.9178779875342911,0.9178779875342911
-5.995512468757363,-18.337474701458092,0.9013878188659974,0.9013878188659974
-6.167829200246325,-18.23544332075393,0.9178779875342911,0.9178779875342911
-6.33964350067719,-18.132568850630424,0.9178779875342911,0.9178779875342911
-6.510595720990867,-18.028268212823722,0.9300537618869138,0.9300537618869138
-6.681009944221243,-17.9230900144128,0.9178779875342911,0.9178779875342911
-6.851479720544693,-17.818001940105276,0.9178779875342911,0.9178779875342911
-7.022248770506984,-17.713400801621525,0.9300537618869138,0.9300537618869138
-7.19308561901682,-17.60891038091,0.9300537618869138,0.9300537618869138
-7.3637667593782465,-17.504165844564657,0.9178779875342911,0.9178779875342911
-7.534403544680768,-17.399349034950518,0.894427190999916,0.894427190999916
-7.705253098258084,-17.2948795408265,0.9178779875342911,0.9178779875342911
-7.876394666027314,-17.190888984056002,0.9178779875342911,0.9178779875342911
-8.047452613602447,-17.086761037818885,0.9013878188659974,0.9013878188659974
-8.21800230596021,-16.981803138278835,0.9178779875342911,0.9178779875342911
-8.388150353202036,-16.87619482312345,0.9178779875342911,0.9178779875342911
-8.558526487606418,-16.77095526333799,0.9300537618869138,0.9300537618869138
-8.729479134191491,-16.666654648350857,0.9300537618869138,0.9300537618869138
-8.900560303071867,-16.562564770425663,0.9178779875342911,0.9178779875342911
-9.071325254589201,-16.45795700567516,0.9178779875342911,0.9178779875342911
-9.241999817908704,-16.353201725174305,0.9300537618869138,0.9300537618869138
-9.412914284956788,-16.24883845072559,0.9178779875342911,0.9178779875342911
-9.583949155952784,-16.14467248449802,0.9013878188659974,0.9013878188659974
-9.754710268840753,-16.040058622155264,0.9178779875342911,0.9178779875342911
-9.924951314730611,-15.934600503363486,0.9178779875342911,0.9178779875342911
-10.095130526398227,-15.829042516999221,0.9178779875342911,0.9178779875342911
-10.265923782629798,-15.724481829705123,0.9300537618869138,0.9300537618869138
-10.437281169372799,-15.620847332977682,0.9178779875342911,0.9178779875342911
-10.608453528197378,-15.516907921703725,0.9178779875342911,0.9178779875342911
-10.778852540986444,-15.411705687282947,0.9300537618869138,0.9300537618869138
-10.948910328783407,-15.305952083055,0.9300537618869138,0.9300537618869138
-11.119350689045907,-15.200816687897245,0.9178779875342911,0.9178779875342911
-11.290200374614633,-15.096347288488124,0.894427190999916,0.894427190999916
-11.460998447586089,-14.991793573796292,0.9178779875342911,0.9178779875342911
-11.631552040885623,-14.886841460964535,0.9178779875342911,0.9178779875342911
-11.802569780887982,-14.782648321283425,0.9300537618869138,0.9300537618869138
-11.974562130689046,-14.680072632398144,0.9178779875342911,0.9178779875342911
-12.146711024585008,-14.577759782509892,0.9178779875342911,0.9178779875342911
-12.317332829320563,-14.472923996349493,0.9300537618869138,0.9300537618869138
-12.487110510190345,-14.366721408112145,0.9178779875342911,0.9178779875342911
-12.657546781166804,-14.261581524417947,0.9178779875342911,0.9178779875342911
-12.829200044169422,-14.158438551978673,0.9300537618869138,0.9300537618869138
-13.000813887230422,-14.05523015225193,0.9178779875342911,0.9178779875342911
-13.171413463118508,-13.95035392230685,0.9178779875342911,0.9178779875342911
-13.341531182661361,-13.844696758311425,0.894427190999916,0.894427190999916
-13.512153616938964,-13.739857709845827,0.9178779875342911,0.9178779875342911
-13.683490188757782,-13.636189012639749,0.9178779875342911,0.9178779875342911
-13.855004399492737,-13.532814205821042,0.9300537618869138,0.9300537618869138
-14.026317118899748,-13.429105833739445,0.9178779875342911,0.9178779875342911
-14.197391132759465,-13.325006620384043,0.9178779875342911,0.9178779875342911
-14.368132607557355,-13.220360731471603,0.9300537618869138,0.9300537618869138
-14.53832935507536,-13.114831057156994,0.9300537618869138,0.9300537618869138
-14.708631972113164,-13.009472567560532,0.9178779875342911,0.9178779875342911
-14.879902384452969,-12.905696863949371,0.9300537618869138,0.9300537618869138
-15.052054984831472,-12.803388779799368,0.9178779875342911,0.9178779875342911
-15.223681204733834,-12.700202505591761,0.9178779875342911,0.9178779875342911
-15.394045851226755,-12.594944725693416,0.894427190999916,0.894427190999916
-15.564035753564111,-12.489082055405426,0.9178779875342911,0.9178779875342911
-15.734661772650693,-12.384249161050489,0.9178779875342911,0.9178779875342911
-15.906066075331527,-12.280692435443589,0.9300537618869138,0.9300537618869138
-16.077591495895224,-12.17733630831538,0.9178779875342911,0.9178779875342911
-16.24861877681452,-12.073158248120432,0.9178779875342911,0.9178779875342911
-16.41944849731653,-11.968656193504167,0.9300537618869138,0.9300537618869138
-16.590691945674408,-11.864834011696516,0.9178779875342911,0.9178779875342911
-16.76244195351999,-11.761851892296164,0.9178779875342911,0.9178779875342911
-16.933953626910558,-11.65847321076847,0.9300537618869138,0.9300537618869138
-17.10491454455065,-11.554186147978141,0.9178779875342911,0.9178779875342911
-17.275736953164493,-11.44967214925945,0.9013878188659974,0.9013878188659974
-17.447000423836815,-11.345883201990903,0.894427190999916,0.894427190999916
-17.618851981003218,-11.243070347556978,0.9178779875342911,0.9178779875342911
-17.790860386852387,-11.140519941912126,0.9013878188659974,0.9013878188659974
-17.96279842957376,-11.037851609678036,0.9178779875342911,0.9178779875342911
-18.13458686172142,-10.934933214264634,0.9178779875342911,0.9178779875342911
-18.30603740239482,-10.831453124647865,0.9300537618869138,0.9300537618869138
-18.47698535008426,-10.727144777937518,0.9178779875342911,0.9178779875342911
-18.64777517425825,-10.622577520062862,0.9178779875342911,0.9178779875342911
-18.818924266985047,-10.518599846916342,0.9300537618869138,0.9300537618869138
-18.990594437719746,-10.41548441684551,0.9178779875342911,0.9178779875342911
-19.16243036985151,-10.312645273804673,0.9178779875342911,0.9178779875342911
-19.33406264241668,-10.20946666996377,0.9300537618869138,0.9300537618869138
-19.505682665350147,-10.106267682321947,0.9178779875342911,0.9178779875342911
-19.677774104445856,-10.003857419891833,0.9178779875342911,0.9178779875342911
-19.850482931154602,-9.902491250443948,0.9178779875342911,0.9178779875342911
-20.023175099271945,-9.801096751086687,0.9178779875342911,0.9178779875342911
-20.195214279915156,-9.698598751506307,0.894427190999916,0.894427190999916
-20.36673244244369,-9.595230618624267,0.9178779875342911,0.9178779875342911
-20.538189966058336,-9.491761849181499,0.9013878188659974,0.9013878188659974
-20.709885524817267,-9.388688589763866,0.9178779875342911,0.9178779875342911
-20.881763053189562,-9.28591899115932,0.9178779875342911,0.9178779875342911
-21.05363220450305,-9.183135387669726,0.9300537618869138,0.9300537618869138
-21.225306627320368,-9.080026928306774,0.9178779875342911,0.9178779875342911
-21.396863172599552,-8.97672237803964,0.9178779875342911,0.9178779875342911
-21.568640756257345,-8.873786005067496,0.9300537618869138,0.9300537618869138
-21.74123569663321,-8.772226657202049,0.9178779875342911,0.9178779875342911
-21.914089172956874,-8.671107782294092,0.9300537618869138,0.9300537618869138
-22.08708261284956,-8.570228032141424,0.9178779875342911,0.9178779875342911
-22.25962616887756,-8.468581030789656,0.9300537618869138,0.9300537618869138
-22.43158534111987,-8.365948553917294,0.9300537618869138,0.9300537618869138
-22.603185541850532,-8.262716560684167,0.9178779875342911,0.9178779875342911
-22.774902676651216,-8.159679136179518,0.9300537618869138,0.9300537618869138
-22.94734193998177,-8.057855613024861,0.9300537618869138,0.9300537618869138
-23.119745483411304,-7.955971934147651,0.9178779875342911,0.9178779875342911
-23.292386266707425,-7.854489863118241,0.9300537618869138,0.9300537618869138
-23.464924348979785,-7.752833153005024,0.9178779875342911,0.9178779875342911
-23.637507489184646,-7.651253015347378,0.9300537618869138,0.9300537618869138
-23.810405984847336,-7.550210489664384,0.9178779875342911,0.9178779875342911
-23.983103697627755,-7.448825764267529,0.894427190999916,0.894427190999916
-24.15545633633715,-7.346855538907065,0.9178779875342911,0.9178779875342911
-24.327683083468468,-7.244672263368004,0.9013878188659974,0.9013878188659974
-24.50031661818554,-7.143178493903418,0.9178779875342911,0.9178779875342911
-24.6735762916664,-7.042757022585176,0.9178779875342911,0.9178779875342911
-24.84688420019159,-6.942418602327845,0.894427190999916,0.894427190999916
-25.019505887836516,-6.8409049720463795,0.9178779875342911,0.9178779875342911
-25.191772299760988,-6.738788612069485,0.9013878188659974,0.9013878188659974
-25.364736296915623,-6.637860027864372,0.9178779875342911,0.9178779875342911
-25.53885242643807,-6.538931579328576,0.9013878188659974,0.9013878188659974
-25.712644217579985,-6.43943640403415,0.9178779875342911,0.9178779875342911
-25.883686641814627,-6.335297044877284,0.9178779875342911,0.9178779875342911
-26.054241178649136,-6.2303617671389215,0.9178779875342911,0.9178779875342911
-26.23055777884537,-6.135636192038201,0.9178779875342911,0.9178779875342911
-26.420659744239725,-6.073210418898824,0.9340770846134703,0.9340770846134703
-26.615434877969715,-6.023534884539343,0.9513148795220223,0.9513148795220223
-26.814067481378284,-6.006873923985456,0.95524865872714,0.95524865872714
-27.01314749815418,-6.042196092413713,0.982344135219425,0.982344135219425
-27.205209302206104,-6.121342218377074,0.9848857801796105,0.9848857801796105
-27.38476284459844,-6.237449089197929,0.97082439194738,0.97082439194738
-27.546358434728166,-6.383705076129904,0.95524865872714,0.95524865872714
-27.684546381992284,-6.5532985504266925,0.9300537618869138,0.9300537618869138
-27.79387699578777,-6.739417883341908,0.9394147114027969,0.9394147114027969
-27.868900585511636,-6.9352514461292305,0.97082439194738,0.97082439194738
-27.903853135597146,-7.13422188885849,0.9500000000000001,0.9500000000000001
-27.891684069417725,-7.333928705947681,0.9500000000000001,0.9500000000000001
-27.85364569380548,-7.5304706062487465,0.9013878188659974,0.9013878188659974
-27.796818501702866,-7.722445077546207,0.9340770846134703,0.9340770846134703
-27.724696682839348,-7.909245452976217,0.9178779875342911,0.9178779875342911
-27.652116239972006,-8.09587437273646,0.9013878188659974,0.9013878188659974
-27.587569475343997,-8.285442383018186,0.9340770846134703,0.9340770846134703
-27.525259787462527,-8.475760419937556,0.9192388155425117,0.9192388155425117
-27.46183533895413,-8.665709689858199,0.9013878188659974,0.9013878188659974
-27.397953284946087,-8.855505789103967,0.9340770846134703,0.9340770846134703
-27.334529491420067,-9.04545546172195,0.9340770846134703,0.9340770846134703
-27.271400970959313,-9.235503524854744,0.9192388155425117,0.9192388155425117
-27.208307405704733,-9.425563199891222,0.9013878188659974,0.9013878188659974
-27.145107287847534,-9.615587462308143,0.9340770846134703,0.9340770846134703
-27.081618240548856,-9.805515357914164,0.9192388155425117,0.9192388155425117
-27.01777651896689,-9.995325028625851,0.9192388155425117,0.9192388155425117
-26.954319655460296,-10.185263543280806,0.9013878188659974,0.9013878188659974
-26.891904458988595,-10.375546919726562,0.9340770846134703,0.9340770846134703
-26.829407212785764,-10.565803301505202,0.9192388155425117,0.9192388155425117
-26.764978908537536,-10.75541226027894,0.9013878188659974,0.9013878188659974
-26.698173822078346,-10.944198825775862,0.9192388155425117,0.9192388155425117
-26.629619084882094,-11.13235668850478,0.9192388155425117,0.9192388155425117
-26.56005749529979,-11.32014120690936,0.9013878188659974,0.9013878188659974
-26.49501856512086,-11.509534177478066,0.9340770846134703,0.9340770846134703
-26.434452803422516,-11.700413985881259,0.9192388155425117,0.9192388155425117
-26.366631754322945,-11.888794169223779,0.9178779875342911,0.9178779875342911
-26.281881587860504,-12.070118208027983,0.9340770846134703,0.9340770846134703
-26.184272302500624,-12.24496176718099,0.9178779875342911,0.9178779875342911
-26.079875887058343,-12.415817692065314,0.95524865872714,0.95524865872714
-25.951280622985234,-12.56994512352977,0.95524865872714,0.95524865872714
-25.801005972518013,-12.702812618000715,0.95524865872714,0.95524865872714
-25.632451551662303,-12.810579602097873,0.97082439194738,0.97082439194738
-25.45473076095852,-12.903014998479623,0.9617692030835672,0.9617692030835672
-25.273985498894586,-12.989188813558503,0.9192388155425117,0.9192388155425117
-25.086425796142823,-13.059135087233768,0.9486832980505139,0.9486832980505139
-24.896908677879896,-13.123808622915893,0.9394147114027969,0.9394147114027969
-24.709215479940394,-13.19357397186944,0.9178779875342911,0.9178779875342911
-24.52429470803701,-13.27028038528645,0.9192388155425117,0.9192388155425117
-24.3371982667672,-13.341735953964784,0.9013878188659974,0.9013878188659974
-24.149328631204927,-13.411075367220121,0.9192388155425117,0.9192388155425117
-23.962474229572745,-13.483095682893167,0.9178779875342911,0.9178779875342911
-23.777702697943734,-13.560276203826724,0.9340770846134703,0.9340770846134703
-23.597117607367718,-13.64677378765348,0.894427190999916,0.894427190999916
-23.422212510994658,-13.74422917835145,0.9013878188659974,0.9013878188659974
-23.254012540790136,-13.852860208292846,0.9013878188659974,0.9013878188659974
-23.094223534538806,-13.973469975847156,0.9219544457292888,0.9219544457292888
-22.94331551336205,-14.105016694204348,0.95524865872714,0.95524865872714
-22.8026052141521,-14.24742612868272,0.95524865872714,0.95524865872714
-22.673057306882512,-14.400054330689006,0.9604686356149273,0.9604686356149273
-22.554260011035584,-14.561133474866288,0.9604686356149273,0.9604686356149273
-22.44674099277984,-14.729974397091935,0.97082439194738,0.97082439194738
-22.35028398959447,-14.905434421178862,0.9433981132056604,0.9433981132056604
-22.26406362522003,-15.086150151768404,0.9656603957913984,0.9656603957913984
-22.188631829278272,-15.271610653540142,0.9962429422585638,0.9962429422585638
-22.128150535697824,-15.462461339648017,1.004987562112089,1.004987562112089
-22.08389992067339,-15.657722150916777,1.0111874208078342,1.0111874208078342
-22.047449607903793,-15.854627367080884,1.019803902718557,1.019803902718557
-22.027913164794064,-16.05381234208372,1.0,1.0
-22.03357956933998,-16.253855791823504,1.0,1.0
-22.05777022143553,-16.452572617091576,0.9617692030835672,0.9617692030835672
-22.096356296908635,-16.649031074214758,0.9962429422585638,0.9962429422585638
-22.144217308273188,-16.843467477917994,0.97082439194738,0.97082439194738
-22.20130729477029,-17.03539739573804,0.9340770846134703,0.9340770846134703
-22.268186964907827,-17.224122911463837,0.9486832980505139,0.9486832980505139
-22.34687205948333,-17.408226906325943,0.9848857801796105,0.9848857801796105
-22.438181942475293,-17.58638866051482,0.97082439194738,0.97082439194738
-22.53989324589838,-17.758835504129962,1.0,1.0
-22.651085255285636,-17.925332054527217,0.9604686356149273,0.9604686356149273
-22.7700940764796,-18.086381402294062,0.97082439194738,0.97082439194738
-22.897130131363035,-18.241158990530028,0.9899494936611666,0.9899494936611666
-23.03343143795746,-18.38782394443068,0.9899494936611666,0.9899494936611666
-23.179378183588387,-18.52487588368525,0.9924716620639604,0.9924716620639604
-23.33479614836444,-18.651071133509454,1.0295630140987002,1.0295630140987002
-23.499281017978756,-18.76519253332112,1.0295630140987002,1.0295630140987002
-23.67229583356481,-18.86595388676085,1.0062305898749055,1.0062305898749055
-23.851799458980555,-18.95466555811658,1.0124228365658294,1.0124228365658294
-24.035241853306992,-19.03494316448831,1.0062305898749055,1.0062305898749055
-24.22139266741229,-19.10872193138292,1.0062305898749055,1.0062305898749055
-24.410713861480676,-19.173957027949168,0.982344135219425,0.982344135219425
-24.603895534780907,-19.22643334981917,0.982344135219425,0.982344135219425
-24.79930537657335,-19.269949208087652,0.982344135219425,0.982344135219425
-24.997612482677834,-19.297174512635706,0.9513148795220223,0.9513148795220223
-25.19765227268069,-19.294048114012046,0.9500000000000001,0.9500000000000001
-25.39632743581879,-19.26967999400455,0.9500000000000001,0.9500000000000001
-25.59415298160797,-19.23889487896338,0.9055385138137417,0.9055385138137417
-25.7879479093571,-19.18883691428584,0.9013878188659974,0.9013878188659974
-25.978354856926593,-19.12683617590242,0.9192388155425117,0.9192388155425117
-26.168032798076574,-19.06262357708821,0.9340770846134703,0.9340770846134703
-26.357084208019558,-18.99657242233552,0.9013878188659974,0.9013878188659974
-26.545602748800754,-18.929018548527377,0.9013878188659974,0.9013878188659974
-26.73357601840429,-18.859956874404805,0.9340770846134703,0.9340770846134703
-26.922326816689235,-18.793058373314484,0.9013878188659974,0.9013878188659974
-27.111999669709938,-18.728812633084402,0.9192388155425117,0.9192388155425117
-27.301427363393373,-18.663852253386132,0.9340770846134703,0.9340770846134703
-27.48964681835717,-18.59547364144221,0.894427190999916,0.894427190999916
-27.67752090807768,-18.526144705194984,0.9192388155425117,0.9192388155425117
-27.866305774030867,-18.4593436314771,0.9340770846134703,0.9340770846134703
-28.056326339601615,-18.396136796124775,0.9013878188659974,0.9013878188659974
-28.246896734108564,-18.33460316719072,0.9013878188659974,0.9013878188659974
-28.437334973362827,-18.272662465921776,0.9192388155425117,0.9192388155425117
-28.62725439050756,-18.209150624320998,0.9340770846134703,0.9340770846134703
-28.816353179817416,-18.14323809216403,0.9013878188659974,0.9013878188659974
-29.00478962784414,-18.07545370110169,0.9192388155425117,0.9192388155425117
-29.192953764696867,-18.00691390393119,0.9340770846134703,0.9340770846134703
-29.381618187187136,-17.939765917580555,0.9013878188659974,0.9013878188659974
-29.571183050177815,-17.87520714641577,0.9192388155425117,0.9192388155425117
-29.76134787743474,-17.81243135180534,0.9340770846134703,0.9340770846134703
-29.95078252335201,-17.74749796034461,0.9013878188659974,0.9013878188659974
-30.13844280934069,-17.677599534081683,0.9178779875342911,0.9178779875342911
-30.326045454070865,-17.607542019282004,0.9340770846134703,0.9340770846134703
-30.51555223081368,-17.542831227439766,0.9013878188659974,0.9013878188659974
-30.705934647776914,-17.48071906484644,0.9192388155425117,0.9192388155425117
-30.894774109381878,-17.414101642797576,0.9192388155425117,0.9192388155425117
-31.08168724161734,-17.34222570677413,0.9013878188659974,0.9013878188659974
-31.268477491741233,-17.270028615201856,0.9192388155425117,0.9192388155425117
-31.456158836538766,-17.200178870522407,0.9192388155425117,0.9192388155425117
-31.643878072593704,-17.130430681515236,0.9013878188659974,0.9013878188659974
-31.83078201221761,-17.058528257932316,0.9340770846134703,0.9340770846134703
-32.01740005916973,-16.985884677094855,0.9178779875342911,0.9178779875342911
-32.204816991624874,-16.91534568817391,0.9340770846134703,0.9340770846134703
-32.39228354094414,-16.84502479451607,0.894427190999916,0.894427190999916
-32.57715387038713,-16.768352034724042,0.9433981132056604,0.9433981132056604
-32.756705350210645,-16.679963025440394,0.9656603957913984,0.9656603957913984
-32.93086506088592,-16.581551054960347,0.9924716620639604,0.9924716620639604
-33.09737221919188,-16.470957503336603,1.0259142264341596,1.0259142264341596
-33.24687453513884,-16.337946482747203,1.0259142264341596,1.0259142264341596
-33.38274885904868,-16.190935174293585,1.0307764064044151,1.0307764064044151
-33.50539880522517,-16.032724229847545,1.0295630140987002,1.0295630140987002
-33.60855592942762,-15.861249459386235,1.0062305898749055,1.0062305898749055
-33.6834237920405,-15.675769277542612,1.0012492197250393,1.0012492197250393
-33.71916442146836,-15.4795621170012,0.9500000000000001,0.9500000000000001
-33.72649188862702,-15.279963521070306,0.9500000000000001,0.9500000000000001
-33.73142017097864,-15.079842510490206,0.9340770846134703,0.9340770846134703
-33.72196610369344,-14.879927388409877,0.9013878188659974,0.9013878188659974
-33.70277349193389,-14.68061681563862,0.9,0.9
-33.692268150293145,-14.480653859069607,0.9340770846134703,0.9340770846134703
-33.67693913473386,-14.28110977081809,0.9013878188659974,0.9013878188659974
-33.6564239089173,-14.081913845871616,0.9,0.9
-33.63785997506576,-13.882549087490416,0.912414379544733,0.912414379544733
-33.61392547494946,-13.683728496973078,0.9,0.9
-33.59407209020942,-13.484458023386377,0.9340770846134703,0.9340770846134703
-33.57451386618516,-13.285157500082233,0.9013878188659974,0.9013878188659974
-33.553185562739806,-13.086038586607371,0.9,0.9
-33.5308663621685,-12.88702800936261,0.9055385138137417,0.9055385138137417
-33.5094921009975,-12.687913629985236,0.9,0.9
-33.488096988003925,-12.48880135369148,0.912414379544733,0.912414379544733
-33.46584946300975,-12.28978257956243,0.9,0.9
-33.44324717189944,-12.090803653633243,0.9219544457292888,0.9219544457292888
-33.42106125559508,-11.891777926134784,0.9,0.9
-33.399196391522494,-11.69271661585213,0.9340770846134703,0.9340770846134703
-33.37721878238966,-11.493667730320576,0.9013878188659974,0.9013878188659974
-33.35506940073721,-11.29463787783833,0.9,0.9
-33.33281684953774,-11.09561953685382,0.9055385138137417,0.9055385138137417
-33.31085440756744,-10.896569158785297,0.9,0.9
-33.28816619767065,-10.697603809886528,0.912414379544733,0.912414379544733
-33.26749153596374,-10.49847955283083,0.9,0.9
-33.298089329219586,-10.30279443817207,0.9055385138137417,0.9055385138137417
-33.44285722574846,-10.158459344085403,0.7905694150420949,0.7905694150420949
-33.554381753116836,-9.980494308359864,0.7158910531638177,0.7158910531638177
-33.64737833926471,-9.786179079415666,0.7810249675906654,0.7810249675906654
-33.737682825555545,-9.593547206330955,0.8514693182963202,0.8514693182963202
-33.841131053352825,-9.420632238183785,0.9178779875342911,0.9178779875342911
-33.97355886402006,-9.285467724052234,0.9962429422585638,0.9962429422585638
-34.14871661053419,-9.203019976199975,0.982344135219425,0.982344135219425
-34.33791343540874,-9.137589142644455,0.9617692030835672,0.9617692030835672
-34.526805942239825,-9.071247578548881,0.9962429422585638,0.9962429422585638
-34.714126286154965,-9.000580171602419,0.9962429422585638,0.9962429422585638
-34.89007071574331,-8.905306065420742,1.0124228365658294,1.0124228365658294
-35.051066855095485,-8.786409824635456,1.0259142264341596,1.0259142264341596
-35.19674256810745,-8.649248734217352,0.9924716620639604,0.9924716620639604
-35.31742465532258,-8.489850950533313,1.0062305898749055,1.0062305898749055
-35.40216012320045,-8.308675386682841,0.9500000000000001,0.9500000000000001
-35.44899558617294,-8.114229822875565,0.9500000000000001,0.9500000000000001
-35.45063601322599,-7.914286603235042,0.9,0.9
-35.450551290533596,-7.71414673299191,0.9,0.9
-35.453885856887176,-7.513916720888038,0.9,0.9
-35.45338767952816,-7.3136672378661025,0.9,0.9
-35.44427193070817,-7.113645931822181,0.9219544457292888,0.9219544457292888
-35.42346012100751,-6.914487916906381,0.9,0.9
-35.4032183523081,-6.715266537846554,0.9,0.9
-35.394518732990335,-6.515231638461149,0.9500000000000001,0.9500000000000001
-35.398941528104714,-6.315044757917116,0.9500000000000001,0.9500000000000001
-35.405955900772376,-6.114917707835631,0.9,0.9
-35.395874009442444,-5.915001198519279,0.9219544457292888,0.9219544457292888
-35.37374194430807,-5.7159730494911125,0.9,0.9
-35.355274956198414,-5.516551318763721,0.9,0.9
-35.34675305116522,-5.316579560695622,0.9500000000000001,0.9500000000000001
-35.35014039391313,-5.116355413595944,0.9,0.9
-35.35263406695514,-4.916121623624274,0.9,0.9
-35.34110462832195,-4.716282462412272,0.912414379544733,0.912414379544733
-35.317957107641845,-4.517369716152121,0.9,0.9
-35.2979331594762,-4.318131615659438,0.9500000000000001,0.9500000000000001
-35.28562904268699,-4.11826888722702,0.9219544457292888,0.9219544457292888
-35.25705807255444,-3.9201273156507552,0.9,0.9
-35.21209098641895,-3.725005156620477,0.9013878188659974,0.9013878188659974
-35.16490605388366,-3.5303882499230164,0.9013878188659974,0.9013878188659974
-35.11186071620018,-3.337313388397973,0.9013878188659974,0.9013878188659974
-35.047776279681585,-3.147607828457213,0.9340770846134703,0.9340770846134703
-34.97581106374597,-2.960735571677878,0.9192388155425117,0.9192388155425117
-34.898742132208824,-2.7759086751781337,0.9394147114027969,0.9394147114027969
-34.81400854341992,-2.594483704815839,0.894427190999916,0.894427190999916
-34.717141808485394,-2.419261215692504,0.9013878188659974,0.9013878188659974
-34.6150547929485,-2.24698615792667,0.890224690738243,0.890224690738243
-34.5167076419067,-2.0725870727429796,0.894427190999916,0.894427190999916
-34.42160124693742,-1.8965918884243995,0.9013878188659974,0.9013878188659974
-34.315573445222945,-1.7269809617746685,0.9394147114027969,0.9394147114027969
-34.19691784173215,-1.5658592556039999,0.9861541461658011,0.9861541461658011
-34.067660235708246,-1.4130720630361226,0.9861541461658011,0.9861541461658011
-33.92880815557558,-1.2688784994676245,1.0,1.0
-33.778484374195735,-1.1366071115725045,0.9924716620639604,0.9924716620639604
-33.62054378707967,-1.0135321654169762,1.0,1.0
-33.460061252818825,-0.8937476607441809,0.9861541461658011,0.9861541461658011
-33.29995888765704,-0.7734525766714898,1.0124228365658294,1.0124228365658294
-33.13953318404598,-0.6536305978753909,1.0259142264341596,1.0259142264341596
-32.97277890709872,-0.5427896301198138,1.0,1.0
-32.7985358682991,-0.44413539369094573,1.0062305898749055,1.0062305898749055
-32.61781400281885,-0.3579541294873555,1.0295630140987002,1.0295630140987002
-32.43387949087038,-0.2787696258908284,1.0124228365658294,1.0124228365658294
-32.250215189772604,-0.19895442374953393,0.982344135219425,0.982344135219425
-32.06852345736553,-0.11475442317004639,1.0062305898749055,1.0062305898749055
-31.885340012936275,-0.03384133468857792,1.004987562112089,1.004987562112089
-31.694215791750672,0.025220612889552296,0.9962429422585638,0.9962429422585638
-31.4980634742876,0.06443954095880841,0.9617692030835672,0.9617692030835672
-31.302754704058724,0.10841063137116184,0.9486832980505139,0.9486832980505139
-31.105624346356024,0.14061195776431928,1.0,1.0
-30.905614327174497,0.14561161372421458,1.0,1.0
-30.705418228041978,0.1498940003045047,1.0,1.0
-30.507341210293983,0.17802950001553247,0.9513148795220223,0.9513148795220223
-30.30708390369513,0.1774632190395229,0.982344135219425,0.982344135219425
-30.10683305508129,0.17576512786737924,1.0,1.0
-29.90657844385412,0.17453312273520485,1.0,1.0
-29.706320713819576,0.17399146853400071,1.0,1.0
-29.506062222114405,0.1739260136299401,1.0,1.0
-29.305803790174274,0.17411834986681674,1.0,1.0
-29.105545406324904,0.17435901430188952,1.0,1.0
-28.9052869860369,0.17456711773176886,1.0,1.0
-28.70502853535553,0.17474359724628533,1.0,1.0
-28.504770060922514,0.17489071060285252,1.0,1.0
-28.304511568384193,0.17501071190321255,1.0,1.0
-28.104253062470214,0.17510585274120016,1.0,1.0
-27.903994547070774,0.1751783824084179,1.0,1.0
-27.703736025313596,0.1752305481016493,1.0,1.0
-27.503477499640596,0.17526459513053866,1.0,1.0
-27.303218971884093,0.1752827671251547,1.0,1.0
-27.102960443342724,0.17528730624352698,1.0,1.0
-26.90270191485732,0.1752804533793033,1.0,1.0
-26.702443386886305,0.1752644483693719,1.0,1.0
-26.502184859581163,0.17524153020143135,1.0,1.0
-26.301926332861534,0.17521393722188214,1.0,1.0
-26.1016678064904,0.17518390737457332,1.0,1.0
-25.90140928014929,0.17515367678987429,1.0,1.0
-25.701150753804246,0.17512360835877241,1.0,1.0
-25.500892227207896,0.1750954591174128,1.0,1.0
-25.300633700026093,0.17507143894395497,1.0,1.0
-25.10037517261622,0.17504940244391257,1.0,1.0
-24.900116645004697,0.17502928119428812,1.0,1.0
-24.699858117216298,0.17501100442630188,1.0,1.0
-24.499599589273828,0.17499450130908958,1.0,1.0
-24.29934106119823,0.1749797010061735,1.0,1.0
-24.099082533008612,0.1749665326760856,1.0,1.0
-23.898824004722403,0.1749549254725833,1.0,1.0
-23.6985654763553,0.17494480854484956,1.0,1.0
-23.49830694792148,0.17493611103770543,1.0,1.0
-23.298048419433602,0.1749287620918169,1.0,1.0
-23.097789890902877,0.17492269084390083,1.0,1.0
-22.89753136233916,0.17491782642693604,1.0,1.0
-22.69727283375105,0.17491409797036803,1.0,1.0
-22.497014305145907,0.17491143460031888,1.0,1.0
-22.296755776529995,0.17490976543979267,1.0,1.0
-22.096497247908477,0.17490901960888583,1.0,1.0
-21.89623871928558,0.17490912622499313,1.0,1.0
-21.695980190664603,0.17491001440301654,1.0,1.0
-21.49572166204801,0.17491161325557208,1.0,1.0
-21.295463133437543,0.17491385189319855,1.0,1.0
-21.095204604834223,0.17491665942456375,1.0,1.0
-20.894946076238483,0.17491996495667392,1.0,1.0
-20.694687547650247,0.1749236975950816,1.0,1.0
-20.494429019068956,0.17492778644409196,1.0,1.0
-20.294170490493684,0.17493216060697017,1.0,1.0
-20.093911961923205,0.17493674918615193,1.0,1.0
-19.893653433356047,0.17494148128344866,1.0,1.0
-19.693394904790644,0.17494628600025594,1.0,1.0
-19.493136376225255,0.17495109243777876,1.0,1.0
-19.292877847658236,0.17495582969615325,1.0,1.0
-19.09261931908801,0.1749604290161698,1.0,1.0
-18.89236079051397,0.17496485943545978,1.0,1.0
-18.692102261936284,0.17496912238623355,1.0,1.0
-18.49184373335516,0.17497322035154458,1.0,1.0
-18.29158520477079,0.17497715581352133,1.0,1.0
-18.091326676183325,0.17498093125428893,1.0,1.0
-17.891068147592954,0.17498454915595574,1.0,1.0
-17.690809618999854,0.17498801200061384,1.0,1.0
-17.490551090404153,0.17499132227033837,1.0,1.0
-17.290292561806037,0.17499448244718932,1.0,1.0
-17.090034033205644,0.17499749501320777,1.0,1.0
-16.88977550460312,0.17500036245042314,1.0,1.0
-16.6895169759986,0.17500308724084632,1.0,1.0
-16.489258447392235,0.17500567186647425,1.0,1.0
-16.288999918784132,0.1750081188092896,1.0,1.0
-16.08874139017442,0.17501043055125873,1.0,1.0
-15.888482861563222,0.17501260957433523,1.0,1.0
-15.688224332950654,0.17501465836045843,1.0,1.0
-15.487965804336811,0.17501657939155296,1.0,1.0
-15.287707275721809,0.17501837514952995,1.0,1.0
-15.087448747105748,0.1750200481162882,1.0,1.0
-14.887190218488712,0.1750216007737135,1.0,1.0
-14.68693168987079,0.175023035603678,1.0,1.0
-14.486673161252085,0.17502435508804168,1.0,1.0
-14.286414632632676,0.1750255617086534,1.0,1.0
-14.086156104012627,0.17502665794734826,1.0,1.0
-13.885897575392008,0.1750276462859507,1.0,1.0
-13.685639046770902,0.17502852920627432,1.0,1.0
-13.485380518149357,0.1750293091901208,1.0,1.0
-13.285121989527452,0.1750299887192808,1.0,1.0
-13.084863460905247,0.17503057027553542,1.0,1.0
-12.884604932282773,0.17503105634065497,1.0,1.0
-12.684346403660106,0.1750314493963987,1.0,1.0
-12.484087875037277,0.17503175192451842,1.0,1.0
-12.283829346414338,0.17503196640675378,1.0,1.0
-12.08357081779133,0.17503209532483724,1.0,1.0
-11.883312289168284,0.17503214116049096,1.0,1.0
-11.683053760545224,0.1750321063954298,1.0,1.0
-11.482795231922204,0.1750319935113587,1.0,1.0
-11.282536703299236,0.1750318049899756,1.0,1.0
-11.082278174676352,0.1750315433129702,1.0,1.0
-10.882019646053575,0.1750312109620241,1.0,1.0
-10.681761117430915,0.17503081041881194,1.0,1.0
-10.481502588808402,0.17503034416500204,1.0,1.0
-10.281244060186046,0.17502981468225418,1.0,1.0
-10.080985531563856,0.1750292244522238,1.0,1.0
-9.880727002941846,0.17502857595655816,1.0,1.0
-9.680468474320032,0.1750278716768996,1.0,1.0
-9.48020994569841,0.1750271140948847,1.0,1.0
-9.27995141707699,0.17502630569214386,1.0,1.0
-9.079692888455765,0.1750254489503032,1.0,1.0
-8.879434359834741,0.17502454635098263,1.0,1.0
-8.679175831213922,0.1750236003757995,1.0,1.0
-8.478917302593304,0.17502261350636503,1.0,1.0
-8.27865877397287,0.17502158822428687,1.0,1.0
-8.07840024535263,0.1750205270111688,1.0,1.0
-7.878141716732568,0.17501943234861114,1.0,1.0
-7.677883188112668,0.17501830671821073,1.0,1.0
-7.477624659492939,0.17501715260156211,1.0,1.0
-7.27736613087336,0.17501597248025583,1.0,1.0
-7.077107602253919,0.1750147688358811,1.0,1.0
-6.876849073634616,0.1750135441500238,1.0,1.0
-6.6765905450154195,0.17501230090426875,1.0,1.0
-6.476332016396324,0.17501104158019948,1.0,1.0
-6.276073487777308,0.17500976865939666,1.0,1.0
-6.075814959158371,0.17500848462345364,1.0,1.0
-5.875556430539485,0.17500719195439615,1.0,1.0
-5.67529790192065,0.17500589298005886,1.0,1.0
-5.475039373302243,0.1750045346103931,1.0,1.0
-5.274780844684266,0.17500312029923673,1.0,1.0
-5.074522316065431,0.17500181948965002,1.0,1.0
-4.874263787446575,0.17500052250167786,1.0,1.0
-4.67400525882768,0.17499923211755816,1.0,1.0
-4.4737467302087195,0.17499795082224037,1.0,1.0
-4.273488201589692,0.17499668109732586,1.0,1.0
-4.073229672970572,0.17499542542439783,1.0,1.0
-3.8729711443513506,0.1749941862850425,1.0,1.0
-3.672712615732009,0.17499296616084745,1.0,1.0
-3.472454087112544,0.17499176753340337,1.0,1.0
-3.2721955584929354,0.17499059288430366,1.0,1.0
-3.071937029873174,0.17498944469514383,1.0,1.0
-2.8716785012532404,0.17498832544752305,1.0,1.0
-2.671419972633142,0.17498723762304397,1.0,1.0
-2.471161444012863,0.17498618370331356,1.0,1.0
-2.27090291539239,0.17498516616993431,1.0,1.0
-2.0706443867717264,0.17498418751970768,1.0,1.0
-1.8703858581508601,0.17498325047597083,1.0,1.0
-1.6701273295297958,0.17498235793629074,1.0,1.0
-1.4698688009085212,0.17498151280271365,1.0,1.0
-1.2696102722870444,0.17498071797728929,1.0,1.0
-1.069351743665357,0.1749799763620708,1.0,1.0
-0.8690932150434707,0.17497929085912026,1.0,1.0
-0.6688346864213979,0.1749786643705037,1.0,1.0
-0.4685761577991378,0.17497809979829468,1.0,1.0
-0.2683176291766959,0.1749776000445733,1.0,1.0
