# x_m,y_m,w_tr_right_m,w_tr_left_m,psi,kappa,s,velocity,acceleration,time
-0.0695708468797890,-0.4691407771877020,0.4696967329838971,1.2129735992123001,0.2357799068582038,0.4126596366119274,19.7826800233350042,3.5933296822531915,-1.2002590158695370,0.0000000000000000
0.0130365394410681,-0.4492944788567247,0.4696967329838971,1.2129735992123001,0.2007211838569440,0.5744175210798904,19.8889351255781008,3.5648387170002258,0.0000000000000000,0.0237373474194028
0.0998118200912942,-0.4346780165318064,0.4743721405615378,1.2072491492473378,0.1364311584613616,0.6688660515206862,0.0451428560182320,3.5648387170002258,0.0000000000000000,0.0484222431833213
0.1905313505963180,-0.4249272822559551,0.4841028939511737,1.1958971060488262,0.0808338246939222,0.5563180135256007,0.1659576526512572,3.5648387170002258,1.4302689167483387,0.0740172414927266
0.2849714864815686,-0.4196781680721798,0.4892473049992599,1.1804758499367238,0.0330517275413320,0.4602823844408266,0.2785214851951829,3.6025881839993170,2.5261598867363717,0.1004105068130085
0.3829085832724743,-0.4185665660234890,0.4910640207702650,1.1444617381173046,-0.0077840228636950,0.3791785749441616,0.3929525828090900,3.6706243372696385,3.3911439069111058,0.1273431462027582
0.4841189964944646,-0.4212283681528918,0.4935742575667924,1.1231929346336951,-0.0424764032751170,0.3109307400140631,0.5161317604648520,3.7629986091000909,4.0971714289010546,0.1545830022413636
0.5883790816729677,-0.4272994665033965,0.5045432240304797,1.1177210539034379,-0.0717369123059901,0.2534207268161385,0.6328497869035603,3.8750417586087442,4.6946473841079239,0.1819294658816964
0.6954651943334125,-0.4364157531180118,0.5151690080748187,1.0993233485759997,-0.0961788263530463,0.2047047452166050,0.7558609504221965,4.0031298407511180,5.2195965252382370,0.2092133216566734
0.8051536900012279,-0.4482131200397466,0.5319100118640828,1.0891504372767644,-0.1163204888631317,0.1630931096455452,0.8740525082721087,4.1444796691031662,5.6985966708590565,0.2362939260038833
0.9172209242018428,-0.4623274593116096,0.5647228837420284,1.0746489414984859,-0.1325932201022781,0.1271587415216978,0.9931612600888307,4.2969819442254886,6.1521341517154706,0.2630552997122867
1.0314432524606860,-0.4783946629766093,0.5969023585365517,1.0376104736911935,-0.1453507535470986,0.0957130659839876,1.1154472345534390,4.4590707992552376,6.5969072089705119,0.2894020683347739
1.1475970303031859,-0.4960506230777545,0.6095752669762307,1.0731613742404507,-0.1548785584341612,0.0677701263864708,1.2352902076621202,4.6296249765384028,7.0474539146217321,0.3152557254926682
1.2654586132547718,-0.5149312316580539,0.6314972886166833,1.0653978208813322,-0.1614022629838032,0.0425092113951097,1.3566244669957657,4.8078951606542866,7.5173631959948857,0.3405514118888598
1.3848043568408723,-0.5346723807605163,0.6314954683607752,1.0602571877259213,-0.1650948697447141,0.0192405107068519,1.4769828339018805,4.9934525241116594,8.0202461752981158,0.3652352483112152
1.5054106165869157,-0.5549099624281500,0.6242107356594202,1.0577430274683071,-0.1660827062583412,-0.0026246529209946,1.5977453665246806,5.1861544827720572,8.4294068145179040,0.3892621864436018
1.6270537480183320,-0.5752798687039643,0.6119920010378240,1.0531703539392674,-0.1644501781690908,-0.0235988724198216,1.7182824254741318,5.3828906446966887,7.8162105962634278,0.4126014517387343
1.7495101066605492,-0.5954179916309675,0.6189257116596539,1.0524623000163917,-0.1602434471038841,-0.0441394156594249,1.8392432499090456,5.5601720895165068,7.1354072920142162,0.4352827040714911
1.8725560480389962,-0.6149602232521685,0.6098597935774592,1.0740274987267728,-0.1534731771212900,-0.0646652682061737,1.9603168863649041,5.7178219444823508,6.3858668435417218,0.4573767273716441
1.9959679276791014,-0.6335424556105755,0.6307572435677679,1.0731963147732353,-0.1441165020281483,-0.0855424190267814,2.0813711734092926,5.8555476772467214,5.2042819193140257,0.4789440002476293
2.1195221011062944,-0.6508005807491978,0.6391904937018469,1.0650805415803981,-0.1321254955211848,-0.1035847093061574,2.2010012349754091,5.9653956344266250,-4.7677571662692939,0.5000512267359251
2.2429950678010284,-0.6663723000779728,0.6645699216786892,1.0527705037226962,-0.1183027091337834,-0.1084978258606990,2.3215902876058605,5.8650865944255548,-4.7524471921954587,0.5210902680509342
2.3661810362684004,-0.6801178992729267,0.6715849694023441,1.0293833404987001,-0.1051744735229139,-0.0956722959516245,2.4418458192871508,5.7637751890773279,-5.3020746386193576,0.5424080021047921
2.4889087659191298,-0.6923319334363143,0.6764385882938089,1.0154265623120038,-0.0946444330388063,-0.0742006553994734,2.5617850407098346,5.6491815484371388,-6.1171847695081114,0.5640209835225771
2.6110110078904758,-0.7033591295764848,0.6876337179322780,0.9999698229716701,-0.0869260702928172,-0.0515448576844056,2.6814074206993048,5.5148280674042756,-6.9227546495166825,0.5859842699190525
2.7323205133196922,-0.7135442147017872,0.6962304945563575,0.9765068845085415,-0.0820501948687102,-0.0282902189757927,2.8000820553114307,5.3598346277024449,-7.6824658831028012,0.6083732534305007
2.8526700333440367,-0.7232319158205697,0.7112418153358485,0.9738098670265689,-0.0800663959167327,-0.0041799507071128,2.9193305150068629,5.1838869363052398,-7.9737007976981804,0.6312757555794778
2.9718923191007662,-0.7327669599411817,0.7284832489190687,0.9570619501453015,-0.0810455781042199,0.0210812058946635,3.0378390937910975,4.9965315139767252,-7.3896208603442322,0.6547724263327370
3.0898201217271377,-0.7424940740719715,0.7316178779097531,0.9577388265017355,-0.0850822737282044,0.0478271036761815,3.1553540290140751,4.8183529158687319,-6.8479524747070437,0.6788844344418639
3.2062861923604062,-0.7527579852212882,0.7242420549671534,0.9612734000182466,-0.0922967010208182,0.0764297762916132,3.2716511771103178,4.6492186808714404,-6.3376620881925536,0.7035829462411192
3.3211232821378300,-0.7639034203974808,0.7781635772072207,0.9576968409731097,-0.1028364630943788,0.1072971584878841,3.3865348303915410,4.4891867350014785,-5.8485084247312713,0.7288338895137356
3.4341641421966629,-0.7762751066088976,0.7938200080428630,0.9390665940046055,-0.1168776784039518,0.1408669863370267,3.4998380836466638,4.3385091128142248,-5.3707646899234831,0.7545973169117524
3.5452415236741643,-0.7902177708638880,0.8087025732179024,0.9287402731684746,-0.1346251930035851,0.1775940584964673,3.6114247505362487,4.1976371519436730,-4.8949800051030810,0.7808267216620391
3.6541881777075900,-0.8060761401708003,0.8165572601353945,0.9256575662821900,-0.1563113381800521,0.2179269240797874,3.7211928713412505,4.0672268358036963,-4.4117999919039672,0.8074683659596711
3.7608368554341958,-0.8241949415379837,0.8157271041867292,0.9197254564045413,-0.1821924592067625,0.2622687927861074,3.8290799116505583,3.9481419502885733,-3.9118857761497212,0.8344607241204340
3.8650203079912386,-0.8449189019737866,0.8128751283252188,0.9141835949823711,-0.2125421590199299,0.3109163596195738,3.9347096494368952,3.8414512279117536,-3.3860010929643942,0.8617342000044438
3.9665712865159750,-0.8685927484865582,0.8036629234588877,0.9102341416919333,-0.2476399082170002,0.3639700337210338,4.0386001905877649,3.7484135660283067,-2.8253805401370879,0.8892113505809055
4.0653225421456618,-0.8955612080846471,0.7854815152668176,0.9045607520837970,-0.2877534526338157,0.4212111286793069,4.1406609580942302,3.6704427372633228,-2.2225448643441390,0.9168079265668082
4.1611068260175532,-0.9261690077764022,0.7690976204151756,0.9219870284908100,-0.3331134619387099,0.4819480243577909,4.2410575578157426,3.6090400923914614,-1.5727738576966821,0.9444351055978963
4.2537568892689102,-0.9607608745701723,0.7523546950970127,0.9259870095319371,-0.3838793658232500,0.5448466158610893,4.3400492460265454,3.5656815505261865,-0.8811759179750117,0.9720033040728971
4.3431054830369868,-0.9996815354743063,0.7261239164695337,0.9490452746484521,-0.4400966568818925,0.6074488475966966,4.4380083567939446,3.5415152536668044,-0.2732048213037112,0.9994283577612884
4.4289853584590402,-1.0432757174971530,0.6962086144303370,0.9461599749222265,-0.5015838854738401,0.6586861059904870,4.5354428368872295,3.5340776790289037,0.0000000000000000,1.0266517962145676
4.5112327155609604,-1.0918759298022551,0.6707806172144849,1.0121017633196505,-0.5664618110847828,0.6805605073792992,4.6286888415594003,3.5340776790289037,0.0000000000000000,1.0536838234808608
4.5897643356999254,-1.1455292185232879,0.6297607108318942,1.0634673342286440,-0.6313280993071992,0.6727198895441738,4.7259113646856381,3.5340776790289037,0.0979270041031409,1.0805960468135827
4.6645782860858711,-1.2039946709646892,0.6115448761621619,1.1091732897109112,-0.6943182890343111,0.6519430038536369,4.8248551980426164,3.5367076791953505,0.3453005372986613,1.1074527876128493
4.7356762237250072,-1.2670186574143583,0.5923064886727596,1.1689288809651663,-0.7551707572796893,0.6277908400479570,4.9360317724309413,3.5459717088198035,0.6062111136103550,1.1342816761426122
4.8030598056235529,-1.3343475481601954,0.5498183809709690,1.2364884067658686,-0.8137657410612262,0.6017641832294129,5.0441653912776516,3.5622192500916485,0.8639699713346746,1.1610834633534752
4.8667306887877171,-1.4057277134901014,0.4488011883235598,1.3413120495137800,-0.8700518049107182,0.5748900003583286,5.1731043952153621,3.5853430978241634,1.1099700615166870,1.1878481062227091
4.9266905302237181,-1.4809055236919764,0.3964593223857564,1.4776270315945621,-0.9240363724758986,0.5480337398669748,5.3148302733669199,3.6149904825426908,1.3382094906455035,1.2145581822386486
4.9829409869377663,-1.5596273490537191,0.3408191693848700,1.6487794150852337,-0.9757753108389875,0.5218878024203196,5.4830384473900571,3.6506313277963836,1.5447443236272553,1.2411914153033019
5.0354837159360786,-1.6416395598632321,0.3308669663829732,1.8189798617805606,-1.0253626650159955,0.4969787862288350,5.6542897796634213,3.6916154981066174,1.7271606838305709,1.2677227769554347
5.0843203742248653,-1.7266885264084133,0.3529241906415660,1.9478056232826402,-1.0729212794158913,0.4736863724569321,5.8241490019914641,3.7372183798936232,1.8841165957378687,1.2941261580733199
5.1294526188103475,-1.8145206189771654,0.3301151321744097,1.9116676967777078,-1.1185947171976340,0.4522678358162430,5.9894586873956204,3.7866754639967337,2.0149717225746677,1.3203756397747124
5.1708821066987323,-1.9048822078573868,0.3188129893376900,1.8321861971054691,-1.1625406343725198,0.4328838066233175,6.1343037922692973,3.8392073365714023,2.1195035163944724,1.3464464138635641
5.2086104948962362,-1.9975196633369774,0.3645526803370402,1.7242365561354926,-1.2049255908847334,0.4156225230921615,6.2884530497178179,3.8940367719183766,2.1976985690225375,1.3723154133357829
5.2426394404090724,-2.0921793557038391,0.3650526294355822,1.6611221302374266,-1.2459211764048681,0.4005211206438016,6.4131802959586395,3.9503996116688644,2.2496047331799498,1.3979617146734391
5.2729706002434567,-2.1886076552458711,0.3946623936288152,1.5577061287926863,-1.2857012777872558,0.3875834318709420,6.5473073222664340,4.0075509421793809,2.2752300306559148,1.4233667690225780
5.2996056314056021,-2.2865509322509725,0.4134768236550309,1.5112802877900868,-1.3244403010785586,0.3767943512829552,6.6782101080803917,4.0647678413672379,2.2744765207424851,1.4485145116318658
5.3225461909017238,-2.3857555570070459,0.4379904003799139,1.4651633171839977,-1.3623121692520241,0.3681311322253781,6.7975474204815072,4.1213497175670639,2.2471000045325944,1.4733913901943911
5.3417939357380337,-2.4859678998019898,0.4599209976970397,1.3947870686376933,-1.3994899367455158,0.3615721128663904,6.9237885314567453,4.1766170390778372,2.1926890981537288,1.4979863443127188
5.3573505229207470,-2.5869343309237038,0.4764342004307569,1.3637270023828105,-1.4361458860968521,0.3571033830942598,7.0403592958155281,4.2299090684108451,-0.4544878179031598,1.5222907609205640
5.3692176094560775,-2.6884012206600909,0.4913498309223737,1.3542343285638534,-1.4724519959140046,0.3547238544057709,7.1559353894094366,4.2189182436909585,-2.1735217677346785,1.5464736417084239
5.3773968523502385,-2.7901149392990483,0.5144771188492245,1.3612307140443731,-1.5085806904235155,0.3544491122397787,7.2768419175770518,4.1660160705706470,-2.3376174784542298,1.5708130221119834
5.3818899086094465,-2.8918218571284777,0.5323054056991968,1.3645092738935891,-1.5447057974505438,0.3563143323533652,7.3900566119927538,4.1084939334141630,-2.4767433102897152,1.5954201863236923
5.3826984352399121,-2.9932683444362786,0.5824897965182310,1.3407212684384080,-1.5810036530958431,0.3603764370358583,7.5023245914539300,4.0468744264653713,-2.5911327872877221,1.6202994326681930
5.3798240892478519,-3.0942007715103528,0.6039330278632438,1.3221199750427060,-1.6176542970414562,0.3667155532455170,7.6136373801095756,3.9816983720708534,-2.6810478276765370,1.6454529310586561
5.3732685276394800,-3.1943655086385991,0.6426032460629537,1.2748681473792385,-1.6548427017615488,0.3754357081280613,7.7242292081376736,3.9135252596350645,-2.7467325224247192,1.6708807178112965
5.3630334074210069,-3.2935089261089163,0.6476058469913264,1.2664122040001762,-1.6927599711482131,0.3866645493369790,7.8341934702508995,3.8429343576965604,-2.7883802707513330,1.6965806727075923
5.3491203855986535,-3.3913773942092087,0.6582383205231719,1.2444117428651560,-1.7316044280749177,0.4005516974246148,7.9434944349880485,3.7705262190557396,-2.7963345472861922,1.7225484861368956
5.3315311191786261,-3.4877172832273713,0.6521531465427470,1.2081674789304500,-1.7715824847596942,0.4172651142662267,8.0521038047132905,3.6971833086543020,-2.7606222220341201,1.7487767178313529
5.3102672651671430,-3.5822749634513085,0.6490460107961278,1.1779816773251539,-1.8129091527809438,0.4369845968775452,8.1600044878601814,3.6240930636494664,-2.6975162291783863,1.7752527218356169
5.2853304805704182,-3.6747968051689197,0.6411471297859312,1.2166468909662018,-1.8558079996603629,0.4598911810642463,8.2671945230337656,3.5520529116295174,-2.6060482808677379,1.8019588269706697
5.2567224223946667,-3.7650291786681036,0.6306367410385449,1.2041775872478298,-1.9005102952761472,0.4861508853841502,8.3736912267214105,3.4819116446290335,-2.4850776090474591,1.8288736264835663
5.2244447476460962,-3.8527184542367605,0.6095490964461669,1.1926729403238256,-1.9472530152905243,0.5158909028265454,8.4795356100990862,3.4145704630423448,-2.3333757475348089,1.8559718472157956
5.1884991133309279,-3.9376110021627926,0.5850235923529147,1.2224688317985166,-1.9962752857424002,0.5491661811560448,8.5847970824682136,3.3509801173422011,-2.1497803785149525,1.8832243571329517
5.1488871764553741,-4.0194531927340975,0.5549222377048573,1.2600349458236053,-2.0478127758372082,0.5859145485168038,8.6895784157965181,3.2921319368180062,-1.9334513003756755,1.9105984001339613
5.1056105940256478,-4.0979913962385783,0.5329137023143113,1.2889276786058976,-2.1020894992696721,0.6258994931587035,8.7940208794451404,3.2390398024428841,-1.6842705203797692,1.9380581734237288
5.0586710230479630,-4.1729719829641336,0.5152722002109272,1.3223631032080621,-2.1593065087903698,0.6686418735041804,8.8983093575985137,3.1927093713207690,-1.4034329944620698,1.9655658870371384
5.0080701205285347,-4.2441413231986624,0.4906181560442953,1.3691210655191131,-2.2196271234304499,0.7133457226416295,9.0026771245299884,3.1540903023330382,-1.0942663919990501,1.9930834594044129
4.9538095434735743,-4.3112457872300665,0.4553111160674825,1.4304793472716066,-2.2831586864225741,0.7588291803172571,9.1074097665636629,3.1240072381946882,-0.7632842861425341,2.0205749956137935
4.8958909488892983,-4.3740317453462438,0.4165999568721876,1.5037122036788331,-2.3499314839901468,0.8034789392824671,9.2128475029484775,3.1030664136194965,-0.4214011609715015,2.0480101530713402
4.8343159937819209,-4.4322455678350998,0.3521337472515437,1.5908780405884708,-2.4198763863777213,0.8452534926312766,9.3315956352707339,3.0915376110854753,-0.1126131116719739,2.0753684130899948
4.7690863351576542,-4.4856336249845299,0.3487568926468609,1.6938694334824536,-2.4928039217614395,0.8793082145041373,9.4408854566166482,3.0884656324468773,0.0000000000000000,2.1026474625096236
4.7002036300227461,-4.5339422870824775,0.3841943588817095,1.7978734370403389,-2.5679751467394407,0.8911142317383997,9.5674771697225687,3.0884656324468773,0.0000000000000000,2.1298888672431420
4.6277112820363335,-4.5769738076334985,0.3612212358612414,1.7867745633698007,-2.6428998978229101,0.8704985120582956,9.6828847021449498,3.0884656324468773,0.1966455152882377,2.1571846699960262
4.5518192297441269,-4.6147533683171016,0.3703266539434120,1.6830452439312689,-2.7151570571957229,0.8294141341152418,9.8196674617991864,3.0938586647850368,0.5608798923942264,2.1846098178833526
4.4727789327875440,-4.6473617320923664,0.3963983152028289,1.5765472324941119,-2.7841309259927591,0.7827944096836017,9.9825815823311075,3.1093206139303051,0.9320417468084846,2.2121771265976409
4.3908418508080063,-4.6748796619183777,0.4042630094742554,1.4832225397284744,-2.8497483590590535,0.7353009587893905,10.1308313594492283,3.1351229313961970,1.2727299680244193,2.2398607765567169
4.3062594434469394,-4.6973879207542177,0.4229173857757938,1.3886026982161697,-2.9120442641360804,0.6886851838517137,10.2767435064902308,3.1704557699652796,1.5774813009129032,2.2676222337839147
4.2192831703457649,-4.7149672715589723,0.4419815829758562,1.3269165521046280,-2.9711367377218543,0.6442180521191907,10.4180679267761782,3.2143032670162426,1.8441030439262394,2.2954181239954741
4.1301644911458979,-4.7276984772917210,0.4557198521106850,1.2534171807245458,-3.0272037080061507,0.6027433943176116,10.5549792821827246,3.2655429180807927,2.0724827425727508,2.3232038007413118
4.0391548654887686,-4.7356623009115477,0.4579814759483047,1.2099688596302640,-3.0804628500861053,0.5647572988322572,10.6879909209780006,3.3230172761652090,2.2636992570129606,2.3509359294118108
3.9465057530157965,-4.7389395053775365,0.4613468018048770,1.1635680941397923,-3.1311554523536520,0.5304923072633078,10.8054923846267226,3.3855820182519420,2.4194093233959695,2.3785742041927507
3.8524686133684005,-4.7376108536487704,0.4591875223878312,1.1350251247462111,3.1036511191287905,0.4999939399283044,10.9337693741106765,3.4521355250490062,2.5414523776742106,2.4060823675090957
3.7572949061880059,-4.7317571086843326,0.4343060318266374,1.1269437829452711,3.0573309612865462,0.4731839793679586,11.0494388051851828,3.5216349516353902,2.6316135814236414,2.4334287097805118
3.6612360911160335,-4.7214590334433044,0.4480149967059882,1.1192823710250028,3.0128173962848184,0.4499093975985674,11.1648887684501936,3.5931029956602027,2.6914946004192393,2.4605862090916948
3.5645436277939018,-4.7067973908847707,0.4415788616661244,1.1133974468916612,2.9698654355370460,0.4299782114199465,11.2802110963554121,3.6656286320741724,2.7224544641560837,2.4875324405285602
3.4674689758630381,-4.6878529439678154,0.4462246779934075,1.1088981026375935,2.9282391141110571,0.4131845345836151,11.4041129223112510,3.7383642105243764,2.7255945026465271,2.5142493533026187
3.3702635949648618,-4.6647064556515199,0.4751358009359524,1.1161690051002404,2.8877123197926537,0.3993252502482822,11.5188602181732698,3.8105205972984009,2.7017705227791233,2.5407229856437321
3.2731789447407942,-4.6374386888949672,0.4848247973923309,1.1270023476171434,2.8480687943080358,0.3882104705733346,11.6336082982566804,3.8813615044906551,2.6516220218569098,2.5669431648169749
3.1764664848322561,-4.6061304066572406,0.4907675868264260,1.1402573936613687,2.8091015903682113,0.3796695402320000,11.7483136534022723,3.9501977655589351,2.5756128077661131,2.5929032226611448
3.0803776748806730,-4.5708623718974248,0.4904194376648464,1.1530807764449424,2.7706121972466082,0.3735539153537110,11.8629031853074896,4.0163820576359850,2.4740804488275590,2.6185997450101128
2.9851639745274641,-4.5317153475746004,0.4865895692351763,1.1713519898213971,2.7324094931007581,0.3697186104557829,11.9772734969532504,4.0793044060369619,2.3476144841331106,2.6440323652108000
2.8910768434140497,-4.4887700966478521,0.5101034146449868,1.2002345721409144,2.6943126176587819,0.3656378378254385,12.0977076721270258,4.1383967195043070,2.2379666766468564,2.6692035821489872
2.7983667008218536,-4.4421077963661846,0.4768878745270804,1.2445871051942174,2.6566436217852347,0.3536780692830399,12.2108367913448834,4.1941492988404070,2.2784885745945251,2.6941157400992717
2.7071577340330828,-4.3918598918136711,0.4952950823138870,1.3050668200347779,2.6207740938907378,0.3297421431964245,12.3232406361570099,4.2503441533185606,2.5430679037101998,2.7187789554889532
2.6173287813770716,-4.3382555304063999,0.5448643981153508,1.3358623215372312,2.5878127884666799,0.2996688510182763,12.4347566347872469,4.3124786255741379,2.9269169650708622,2.7432118352264254
2.5287304659504786,-4.2815350953696987,0.5527448624303394,1.2553186984847819,2.5579016516600901,0.2689796523117853,12.5497485973804785,4.3832967586865959,3.3320158083465095,2.7674073057360382
2.4412134108499544,-4.2219389699288961,0.5856655501437391,1.1306378266994197,2.5310363261294815,0.2386503922907701,12.6575835968110564,4.4630583046185555,3.7463492234326767,2.7913452311600899
2.3546282391721491,-4.1597075373093180,0.6571565370902404,1.0143645842453053,2.5071858917351175,0.2089988725654166,12.7621995304376412,4.5516841230722997,4.1699972315444578,2.8150018133867034
2.2688255740137189,-4.0950811807362948,0.7094865418043610,0.9071162816442362,2.4863007093304543,0.1802328090686439,12.8634803889497711,4.6490531618629021,4.6045029813978680,2.8383517182868898
2.1836560384713151,-4.0283002834351516,0.7953982193511204,0.8034168748282862,2.4683191784878828,0.1524685755423203,12.9622581243073185,4.7550370899299841,5.0526279155500120,2.8613691706580267
2.0989702556415892,-3.9596052286312160,0.8375834984839569,0.7172491106507574,2.4531733204954755,0.1257501729027665,13.0595543390793889,4.8695276777486827,5.5181741996794171,2.8840287825931035
2.0146188486211960,-3.8892363995498176,0.8913192057950705,0.6487578575223748,2.4407932151999066,0.1000667912254417,13.1565286536324439,4.9924581248613160,6.0058714400263495,2.9063061596138895
1.9304524405067878,-3.8174341794162836,0.9808192440806793,0.5895813078007009,2.4311103885907910,0.0753681514863027,13.2544485439460598,5.1238195609783439,6.5213202080436501,2.9281783287784782
1.8463216543950154,-3.7444389514559404,1.0463038783085623,0.5291005949298078,2.4240602792153951,0.0515773889215610,13.3546741808363265,5.2636738428895944,7.0709833325357421,2.9496240295644554
1.7620771133825337,-3.6704910988941171,1.1510143140077109,0.4786319992777745,2.4195839172567091,0.0286015986886709,13.4612420480830792,5.4121635986236187,7.6622158481846885,2.9706239030970059
1.6775694405659949,-3.5958310049561417,1.2578402322320532,0.4263545262351504,2.4176289401501547,0.0063403584312148,13.5726416851961478,5.5695202748157318,8.3033248960021790,2.9911606093592540
1.5926492590420493,-3.5206990528673381,1.3952473607325087,0.3993894562506281,2.4181500502604729,-0.0153073775233420,13.6999118539858404,5.7360707468303813,7.9963488945085981,3.0112188961420387
1.5071671919073539,-3.4453356258530405,1.5300924483839433,0.3714000881024931,2.4211089984463308,-0.0364376096638670,13.8567656822088630,5.8927949079618864,5.0577939654362316,3.0308183612478112
1.4209738622585584,-3.3699811071385719,1.5175750672853257,0.3775651498533911,2.4264741556012588,-0.0571364824937296,14.0236195742317893,5.9902545269085152,-5.8236682980827279,3.0500875563974446
1.3339198931923151,-3.2948758799492603,1.4261299743723710,0.4048132475738651,2.4342197145501050,-0.0774760221434916,14.1877917122696360,5.8774143898106326,-5.2497810876540374,3.0694636834916049
1.2458559078052789,-3.2202603275104345,1.3457043849475836,0.4511697534319756,2.4443245483332183,-0.0975101859711526,14.3435267768691634,5.7733955636258623,-4.7272385151165484,3.0892776194344562
1.1566325291941020,-3.1463748330474237,1.2791334240523542,0.4863091885719331,2.4567707388866444,-0.1170325723189171,14.4814953481592905,5.6777504392691744,-4.4317293553284625,3.1095103883228545
1.0661003804554343,-3.0734597797855510,1.2315957900325805,0.5095275892059797,2.4714864305639384,-0.1303660221947250,14.6128976777492472,5.5862801463678800,-4.4245010931487840,3.1301502527115308
0.9741215349418405,-3.0017481778989836,1.1813700059794914,0.5336902210275140,2.4871296587598026,-0.1271870136538057,14.7344197278650473,5.4931286865198254,-4.6409789832589192,3.1512038038095964
0.8808233921671182,-2.9313021886849779,1.1222298929224184,0.5966467232810133,2.5011893256086366,-0.1081295096759000,14.8563841162891830,5.3934533945428029,-5.3336550968599941,3.1726810163409556
0.7865997770418679,-2.8620124167438910,1.0730947345349147,0.6418601519038452,2.5124173307349027,-0.0840068383007327,14.9719129148738705,5.2765246880334384,-6.1460936504177592,3.1946038261938465
0.6918561845808952,-2.7937619520601613,1.0265490967304840,0.6993220133722864,2.5208237988362647,-0.0601635497271986,15.0851503497091457,5.1387152094867306,-6.9015575249992152,3.2170261136474947
0.5969981097990010,-2.7264338846182237,0.9727663586372655,0.7532073581923840,2.5264408589700813,-0.0363926722616625,15.1963653333193172,4.9800370828246852,-7.5921630855606397,3.2400177537355868
0.5024310477109859,-2.6599113044025131,0.9251741957050601,0.8011449708060782,2.5292648685950057,-0.0122166860879648,15.3057535241615952,4.8005358575164303,-8.2184398975114252,3.2636607159961901
0.4085604933316558,-2.5940773013974678,0.8756360193767956,0.8497127985687142,2.5292540683332199,0.0128874239816225,15.4134481862234747,4.6000621806773703,-7.7333266884682903,3.2880538708210816
0.3157919416758112,-2.5288149655875221,0.8365445613167841,0.8975792936727931,2.5263255064311725,0.0395064733383673,15.5195375315716166,4.4052548832874558,-7.2857031406810906,3.3132444912665369
0.2245308877582529,-2.4640073869571117,0.7809233523056198,0.9433955218951133,2.5203510474946516,0.0683138155211500,15.6240811857994046,4.2160734138766243,-6.8723343604837241,3.3392106150239682
0.1351828265937868,-2.3995376554906755,0.7320437969312371,0.9894477251318601,2.5111523053719704,0.1000968941382422,15.7271259869970148,4.0324806925412906,-6.4823785828784874,3.3659253689496507
0.0481532531972132,-2.3352888611726472,0.6990373513024241,1.0206829475810615,2.4984943821607377,0.1357897274344108,15.8281278434936112,3.8546626999840683,-6.1056778627832173,3.3933563482242772
-0.0361523374166667,-2.2711440939874619,0.6506583033377219,1.0518970858340670,2.4820783806101736,0.1765095777770040,15.9278585702962729,3.6830460791372892,-5.7322012937648861,3.4214640579173907
-0.1173284502330475,-2.2069864439195586,0.5994767163540580,1.0967549705332114,2.4615328293830161,0.2235950590696614,16.0261504702249518,3.5183265838398099,-5.3514506754231501,3.4501998762977832
-0.1949695902371286,-2.1426990009533711,0.5633523744311199,1.1318123402862026,2.4364044920069960,0.2786388674691462,16.1231418276017244,3.3615099609013468,-4.9517819672033871,3.4795034488147931
-0.2686702624141086,-2.0781648550733354,0.5202923529587099,1.1707763208999835,2.4061496370490847,0.3435006482685450,16.2157596072438039,3.2139666715000135,-4.5195995896485179,3.5092994475842345
-0.3380249717491828,-2.0132670962638892,0.4584709117865550,1.2347287003482386,2.3701279051120863,0.4202719948637347,16.3096522020698487,3.0775006650356045,-4.0384050742737099,3.5394937167351932
-0.4026282232275498,-1.9478888145094670,0.4297414545126817,1.3022747194331086,2.3276026560943399,0.5111437024875664,16.4028952405265827,2.9544290268215048,-3.4877626099770866,3.5699690246725067
-0.4620745218344086,-1.8819130997945051,0.3923062216995637,1.3644737961931419,2.2777543670736327,0.6180945053218831,16.4887847366149387,2.8476615710885276,-2.8424576674820705,3.6005810438012049
-0.5159583725549546,-1.8152230421034403,0.3551314041655396,1.4210336087759097,2.2197173379911868,0.7422879616139260,16.5803782985004169,2.7607539200316538,-2.0881049251563422,3.6311558706670906
-0.5638742803743860,-1.7477017314207084,0.3345392737818498,1.4937084236362670,2.1526540042726685,0.8812400251406265,16.6730121072630375,2.6974046158593534,-1.3537164886475759,3.6614940511910206
-0.6054167502779020,-1.6792322577307439,0.3028783697858380,1.5897745468566169,2.0761793870830703,1.0123414987411337,16.7677715809484269,2.6569085158846364,-0.8612488752834189,3.6914088083165502
-0.6402167871312014,-1.6097282228938412,0.3132586994149146,1.6802416346254145,1.9928904716080011,1.1030250772538508,16.8486463980388663,2.6315915742820719,-0.6079620461076561,3.7208044247627639
-0.6682263427710454,-1.5393715226387175,0.3262045568356451,1.7758966010984809,1.9069130137623409,1.1549556368851270,16.9694448365765744,2.6140382081920515,-0.4383701783811699,3.7496768950138297
-0.6895640159123367,-1.4684833602421563,0.2723805833323110,1.7929523080357936,1.8199277146133481,1.1910879908019985,17.1074937207574393,2.6015938850011611,-0.2940069539441944,3.7780645997542508
-0.7043498246442649,-1.3973861254991338,0.2888124107281821,1.7221514504297042,1.7322419302675278,1.2201149537899316,17.3763653079465250,2.5933742679047227,-0.1765596897185043,3.8060218197661233
-0.7127037870560204,-1.3264022082046216,0.3421318765238084,1.6597099362651770,1.6441186159000398,1.2422393885332073,17.7379315136683751,2.5885036810426794,-0.0875869481937900,3.8336078835489080
-0.7147459212367937,-1.2558539981535912,0.3578756951896876,1.6551872997410886,1.5557798771227553,1.2578391506564253,17.9275134599311592,2.5861144455526164,-0.0282968539818407,3.8608863255923125
-0.7105962452757744,-1.1860638851410177,0.3681769889906785,1.6365492636690091,1.4674033684294960,1.2674541464140210,18.0795286480165807,2.5853493513445187,0.0000000000000000,3.8879244623614624
-0.7003747772621532,-1.1173542589618735,0.3732184224707779,1.6200250921756947,1.3791232235869557,1.2716876475520558,18.2280057915447742,2.5853493513445187,0.0000000000000000,3.9147934636862041
-0.6842015352851194,-1.0500475094111297,0.3686813684408992,1.6114205334698184,1.2910350641364872,1.2711145535829755,18.3756378273792365,2.5853493513445187,0.0038305780091157,3.9415684248440113
-0.6621965374338640,-0.9844660262837618,0.3645087819085269,1.6027562051260049,1.2032042573430439,1.2662081581953157,18.5247122001747684,2.5854518420030219,0.0359540400153504,3.9683243499966401
-0.6344798017975771,-0.9209321993747418,0.3620014306208235,1.6000316542640676,1.1156763842804482,1.2572924609507563,18.6769050378177006,2.5864155963849003,0.0892847031334250,3.9951295263124833
-0.6011713464654478,-0.8597684184790408,0.3160073451951051,1.6354069165148497,1.0284888067697215,1.2445228289424575,18.8260610321455388,2.5888186782260663,0.1592302167380035,4.0220443477413559
-0.5623911895266677,-0.8012970733916348,0.3302976281486847,1.6920211628124899,0.9416822454610000,1.2278944333582833,18.9417757307125143,2.5931305751245746,0.2432373159274233,4.0491239874406668
-0.5182593490704261,-0.7458405539074952,0.3410361936027526,1.7639280106034512,0.8553113620155068,1.2072753517106884,19.0532929421380466,2.5997700497628324,0.3402621475164685,4.0764202705497885
-0.4688958431859137,-0.6937212498215950,0.3145853782396583,1.7899610326076043,0.7694534556192111,1.1824592224336372,19.1794967422612928,2.6091485548249977,0.4502241654472942,4.1039828576039694
-0.4144206899623190,-0.6452615509289057,0.3756928084028248,1.7144310953744812,0.6842145375897578,1.1532305762656234,19.2830433946513864,2.6216994434290477,0.5734910869727842,4.1318598343797071
-0.3549539074888344,-0.6007838470244031,0.3941718435574046,1.6314920316584400,0.5997322499903264,1.1194344283790569,19.3850710158953561,2.6378936668040205,0.7104345634596010,4.1600978030994220
-0.2906155138546492,-0.5606105279030584,0.4095893504329922,1.5494476071003758,0.5161753567826921,1.0810407165150104,19.4729395396724243,2.6582431934775701,0.8610886040467695,4.1887415765307896
-0.2215255271489522,-0.5250639833598443,0.4389992581290305,1.4811687616824702,0.4337398563888866,0.7794159935701731,19.5753771160966785,2.6832939912489229,2.8881529033063682,4.2178335859403022
-0.1478039654609357,-0.4944666031897345,0.4509007275891662,1.4113107890729715,0.3934040898518218,0.5053405900904645,19.6783865913112521,2.7678738114943440,0.0000000000000000,4.2471186768191798
