-0.02659985301194112,-0.005521361601893634,0.9219544457292888,0.9219544457292888
0.1708303960051852,0.02967178189142382,0.9055385138137417,0.9055385138137417
0.3689495336432881,0.06063516095146906,0.9,0.9
0.5657516395325602,0.09964355528512857,0.9219544457292888,0.9219544457292888
0.7653625782080166,0.1183369979473218,0.9,0.9
0.9634412188370519,0.14846843597770945,0.9219544457292888,0.9219544457292888
1.1636997337684725,0.15399623853745603,0.9,0.9
1.3634426879947468,0.17124744779206857,0.9,0.9
1.5617316220132544,0.2007690491360965,0.873212459828649,0.873212459828649
1.7619015756550842,0.19984311894231566,0.9500000000000001,0.9500000000000001
1.9622313754004264,0.2021257142169839,0.9,0.9
2.1617492210069598,0.22293908814033295,0.9013878188659974,0.9013878188659974
2.3598897396605825,0.2532162998017484,0.8860022573334675,0.8860022573334675
2.5603405726588977,0.25320257934368146,0.9,0.9
2.760639785104032,0.2580428292206129,0.9,0.9
2.9610437414635995,0.2644601819607497,0.9,0.9
3.1599163468281413,0.28940072554601753,0.9055385138137417,0.9055385138137417
3.3601168141473763,0.30022260664603895,0.9,0.9
3.560651885429118,0.3004293120827168,0.9,0.9
3.7611939912175862,0.3006655771782542,0.9,0.9
3.961733299633247,0.30188588865094257,0.9,0.9
4.162275415088124,0.30206026048379586,0.9,0.9
4.362799408870742,0.29942599211436904,0.9500000000000001,0.9500000000000001
4.563323007362645,0.2968058216199269,0.9500000000000001,0.9500000000000001
4.763787500993448,0.30143840552310897,0.9,0.9
4.96418111895535,0.29992372869237516,0.9500000000000001,0.9500000000000001
5.1647199875734096,0.2987844829803547,0.9500000000000001,0.9500000000000001
5.365261299971134,0.29949701768564274,0.9500000000000001,0.9500000000000001
5.56579465970952,0.30144944575473687,0.9,0.9
5.766328714500205,0.30328731634391715,0.9,0.9
5.966864496390355,0.30222485526611126,0.9,0.9
6.167283116313902,0.2957436243254667,0.9486832980505139,0.9486832980505139
6.365599335366563,0.2693119896109411,0.9055385138137417,0.9055385138137417
6.564846240436731,0.24817923689410515,0.9486832980505139,0.9486832980505139
6.765371772429683,0.24938276286323266,0.9340770846134703,0.9340770846134703
6.962956717717364,0.218705883141617,0.9013878188659974,0.9013878188659974
7.160160549100337,0.1839781076226168,0.9219544457292888,0.9219544457292888
7.3589089346869,0.15770102486684956,0.9,0.9
7.5591568649366705,0.14678314610469662,0.9340770846134703,0.9340770846134703
7.75701852387794,0.11652046677838367,0.9013878188659974,0.9013878188659974
7.956355587974249,0.09581096551074397,0.9340770846134703,0.9340770846134703
8.154232638848402,0.06359732915046014,0.9013878188659974,0.9013878188659974
8.353111023832266,0.03793648821041475,0.9219544457292888,0.9219544457292888
8.55121156994986,0.006803411259408792,0.9,0.9
8.749401649684254,-0.02379760829710473,0.9219544457292888,0.9219544457292888
8.947051852106567,-0.05771272377477797,0.9486832980505139,0.9486832980505139
9.144439063382682,-0.09298257868731542,0.9055385138137417,0.9055385138137417
9.340934153549341,-0.13307225400339068,0.912414379544733,0.912414379544733
9.537463920655384,-0.17298704601873013,0.9219544457292888,0.9219544457292888
9.734350970270732,-0.21110416833192858,0.9340770846134703,0.9340770846134703
9.930605088794419,-0.25231289833155573,0.9340770846134703,0.9340770846134703
10.125780398841929,-0.29840425977887186,0.9013878188659974,0.9013878188659974
10.3211857382696,-0.34343194431310314,0.9013878188659974,0.9013878188659974
10.516150782051877,-0.3903820728427311,0.9013878188659974,0.9013878188659974
10.709122935990399,-0.44473343874916604,0.9013878188659974,0.9013878188659974
10.901446383481996,-0.5014837420807879,0.9340770846134703,0.9340770846134703
11.094936957372386,-0.5541816815045433,0.9340770846134703,0.9340770846134703
11.286460549242193,-0.6136053275388291,0.9340770846134703,0.9340770846134703
11.477072743493052,-0.6759309818266003,0.9192388155425117,0.9192388155425117
11.667884193329119,-0.7376430223311324,0.9013878188659974,0.9013878188659974
11.857309716963197,-0.8034495533266833,0.9340770846134703,0.9340770846134703
12.043407055448487,-0.8781592062725786,0.9192388155425117,0.9192388155425117
12.230375553960465,-0.9506725626061765,0.9192388155425117,0.9192388155425117
12.415586388079811,-1.0275177215605862,0.9178779875342911,0.9178779875342911
12.60039761162067,-1.1053566605758791,0.9192388155425117,0.9192388155425117
12.781261480207803,-1.19197941759488,0.9178779875342911,0.9178779875342911
12.961248587134357,-1.2804118940549665,0.9178779875342911,0.9178779875342911
13.143716854973174,-1.3635646846479612,0.9394147114027969,0.9394147114027969
13.323766982231707,-1.4518635007985732,0.9394147114027969,0.9394147114027969
13.504757233330068,-1.5382064803753863,0.9178779875342911,0.9178779875342911
13.687905875288235,-1.619895673171168,0.9394147114027969,0.9394147114027969
13.871582296025005,-1.7003949461859005,0.9394147114027969,0.9394147114027969
14.052403471489866,-1.7870313653358536,0.9178779875342911,0.9178779875342911
14.233553891435648,-1.8728370265768173,0.9394147114027969,0.9394147114027969
14.415219260115705,-1.9574306507091288,0.9617692030835672,0.9617692030835672
14.594499431015619,-2.047148735974984,0.9394147114027969,0.9394147114027969
14.77839166150511,-2.127101791699218,0.9486832980505139,0.9486832980505139
14.961299234819691,-2.2093477949829223,0.9617692030835672,0.9617692030835672
15.143460967921925,-2.2930504158310216,0.9394147114027969,0.9394147114027969
15.328647302916407,-2.369733611874722,0.9486832980505139,0.9486832980505139
15.514371659431095,-2.4443630192126635,0.9340770846134703,0.9340770846134703
15.685403788627942,-2.5482478192958102,0.982344135219425,0.982344135219425
15.833693156481282,-2.682910513937401,1.051189802081432,1.051189802081432
15.956971868947452,-2.840469482339892,1.0606601717798214,1.0606601717798214
16.051518700967726,-3.017268259383574,1.0735455276791945,1.0735455276791945
16.120772849215026,-3.20497841308963,1.0594810050208545,1.0594810050208545
16.16945502484417,-3.3994897614533386,1.0688779163215976,1.0688779163215976
16.19570325310902,-3.598137121970185,1.019803902718557,1.019803902718557
16.207332990269308,-3.7982194183672,1.044030650891055,1.044030650891055
16.219584082746778,-3.998256258222219,1.004987562112089,1.004987562112089
16.242111133335783,-4.19734784458378,0.982344135219425,0.982344135219425
16.25033313991741,-4.3975738373160205,0.9617692030835672,0.9617692030835672
16.222077016017433,-4.594534377888227,0.9500000000000001,0.9500000000000001
16.251013520464085,-4.794982335417585,0.95524865872714,0.95524865872714
16.279209780264804,-4.992657385131936,0.9500000000000001,0.9500000000000001
16.277311647606147,-5.193053795811221,0.9500000000000001,0.9500000000000001
16.298404360757218,-5.39251350810176,0.912414379544733,0.912414379544733
16.329301976227786,-5.590064483844952,0.9500000000000001,0.9500000000000001
16.326054151836114,-5.790578971219566,0.9500000000000001,0.9500000000000001
16.33546594404162,-5.990772978121166,0.9486832980505139,0.9486832980505139
16.353487994584682,-6.19046968184711,0.9513148795220223,0.9513148795220223
16.383437788844788,-6.388622291091077,0.9500000000000001,0.9500000000000001
16.40055235827378,-6.58840614465705,0.9617692030835672,0.9617692030835672
16.423119591104502,-6.787442985504592,0.97082439194738,0.97082439194738
16.449876063515944,-6.986003444604605,0.9500000000000001,0.9500000000000001
16.482960015437175,-7.183773245349567,0.97082439194738,0.97082439194738
16.505836588095654,-7.382868870215275,0.9962429422585638,0.9962429422585638
16.541321477545317,-7.580026814546983,0.95524865872714,0.95524865872714
16.561920521071677,-7.779484861426015,0.982344135219425,0.982344135219425
16.594322826600944,-7.977351591257341,0.9513148795220223,0.9513148795220223
16.633702692437527,-8.17398632893319,0.9617692030835672,0.9617692030835672
16.653143417120297,-8.37352850274311,0.9962429422585638,0.9962429422585638
16.688752691761632,-8.570744775920414,0.95524865872714,0.95524865872714
16.712840290401036,-8.7694569845118,0.97082439194738,0.97082439194738
16.743091129491244,-8.96767314175285,0.9500000000000001,0.9500000000000001
16.774405628439528,-9.165718681507888,0.9617692030835672,0.9617692030835672
16.801223317019634,-9.364379203289602,0.9962429422585638,0.9962429422585638
16.837671558714206,-9.561540461433717,0.95524865872714,0.95524865872714
16.860903399824256,-9.760525265597998,0.97082439194738,0.97082439194738
16.885130213523983,-9.959530268872907,0.9500000000000001,0.9500000000000001
16.922965138314805,-10.15646335701412,0.9617692030835672,0.9617692030835672
16.956773040883117,-10.354143163635879,0.982344135219425,0.982344135219425
16.98378339274113,-10.5525619383299,0.9513148795220223,0.9513148795220223
17.015480277542903,-10.750547783021226,0.97082439194738,0.97082439194738
17.050234964424178,-10.948047204272136,0.982344135219425,0.982344135219425
17.085184378766115,-11.145415127562508,0.9617692030835672,0.9617692030835672
17.105905977759512,-11.344793314190142,0.9962429422585638,0.9962429422585638
17.132962879062376,-11.543438072548195,0.95524865872714,0.95524865872714
17.158448106605917,-11.742343617034452,0.982344135219425,0.982344135219425
17.198343005244844,-11.938854912289303,0.9513148795220223,0.9513148795220223
17.221838929232916,-12.137814210919434,0.9617692030835672,0.9617692030835672
17.252093160243906,-12.335947546503709,0.982344135219425,0.982344135219425
17.27965231722155,-12.534493649062856,0.95524865872714,0.95524865872714
17.309997529199965,-12.732109279031164,0.97082439194738,0.97082439194738
17.33566087993995,-12.930948576343502,0.9500000000000001,0.9500000000000001
17.367199893806166,-13.128994002931604,0.9617692030835672,0.9617692030835672
17.401813719866446,-13.326523681221609,0.97082439194738,0.97082439194738
17.443095383086618,-13.522747857548836,0.9513148795220223,0.9513148795220223
17.479898846715905,-13.719873300686862,0.97082439194738,0.97082439194738
17.50816801321183,-13.918379876062644,0.9962429422585638,0.9962429422585638
17.53895680267048,-14.116493685642492,0.95524865872714,0.95524865872714
17.57144853636223,-14.314384754593373,0.982344135219425,0.982344135219425
17.59519939268742,-14.513287578307438,0.9513148795220223,0.9513148795220223
17.61975389572049,-14.712205184327008,0.97082439194738,0.97082439194738
17.65789686200162,-14.909058783627348,0.9962429422585638,0.9962429422585638
17.68923460981454,-15.107066920034711,0.95524865872714,0.95524865872714
17.725443175502477,-15.30414231322487,0.982344135219425,0.982344135219425
17.7507256633501,-15.503055892310439,1.0,1.0
17.774539743653914,-15.702055480505868,0.9617692030835672,0.9617692030835672
17.80636837275204,-15.89993425508829,0.9962429422585638,0.9962429422585638
17.835836059353504,-16.098272119725376,0.9617692030835672,0.9617692030835672
17.87277396948352,-16.295378013613412,0.982344135219425,0.982344135219425
17.898204585752765,-16.49422673175768,0.9513148795220223,0.9513148795220223
17.921116698730707,-16.69337962147238,0.97082439194738,0.97082439194738
17.956895649752553,-16.890676026000488,0.9962429422585638,0.9962429422585638
17.984940925745395,-17.089246234574606,0.9617692030835672,0.9617692030835672
18.014771385379024,-17.28750817802151,0.982344135219425,0.982344135219425
18.047883394715278,-17.485277187421968,0.9513148795220223,0.9513148795220223
18.07632591201067,-17.683792653550384,0.97082439194738,0.97082439194738
18.10954901608032,-17.881547834275434,0.9962429422585638,0.9962429422585638
18.161527969534433,-18.075074143784967,0.9962429422585638,0.9962429422585638
18.201065477164494,-18.271514034496214,1.0124228365658294,1.0124228365658294
18.23071488938304,-18.469845048808406,1.0012492197250393,1.0012492197250393
18.271737766303374,-18.666106678506246,1.0111874208078342,1.0111874208078342
18.324227400354246,-18.859636691946225,0.9962429422585638,0.9962429422585638
18.378729273017246,-19.05262702050733,0.982344135219425,0.982344135219425
18.415729279167234,-19.24924200768809,0.982344135219425,0.982344135219425
18.469398488266826,-19.442444413154217,0.9617692030835672,0.9617692030835672
18.52227546262183,-19.63581343438975,0.9394147114027969,0.9394147114027969
18.588979620850758,-19.824935014585325,0.9178779875342911,0.9178779875342911
18.665344854421747,-20.010362539015095,0.9192388155425117,0.9192388155425117
18.74382746283525,-20.194910763088227,0.9178779875342911,0.9178779875342911
18.827999719327607,-20.376918531912256,0.9178779875342911,0.9178779875342911
18.916447285401752,-20.556897406536375,0.9178779875342911,0.9178779875342911
19.006805945805656,-20.73592254002585,0.9178779875342911,0.9178779875342911
19.088069427508845,-20.919201666142275,0.9013878188659974,0.9013878188659974
19.154778695446158,-21.1082947624985,0.9340770846134703,0.9340770846134703
19.215453986982627,-21.299437301627986,0.9340770846134703,0.9340770846134703
19.280006887360386,-21.489304860316302,0.9192388155425117,0.9192388155425117
19.342512638758304,-21.67983995992333,0.9013878188659974,0.9013878188659974
19.395506387452542,-21.87324198604122,0.9013878188659974,0.9013878188659974
19.44572020916486,-22.06739677271571,0.8860022573334675,0.8860022573334675
19.49424005400966,-22.26197848810756,0.9013878188659974,0.9013878188659974
19.53128759023146,-22.459051206048223,0.9055385138137417,0.9055385138137417
19.568932946425406,-22.65599488996291,0.912414379544733,0.912414379544733
19.60084127600673,-22.853956664705755,0.9340770846134703,0.9340770846134703
19.6343172616657,-23.051684936962022,0.9013878188659974,0.9013878188659974
19.66545278928987,-23.249794515710743,0.9219544457292888,0.9219544457292888
19.700982160348772,-23.447159110865677,0.9219544457292888,0.9219544457292888
19.732604218705447,-23.645189386314154,0.9055385138137417,0.9055385138137417
19.774512054327595,-23.841280337063097,0.912414379544733,0.912414379544733
19.805249636804966,-24.039359390046904,0.9340770846134703,0.9340770846134703
19.84058341257818,-24.236720414534002,0.9013878188659974,0.9013878188659974
19.872246082099384,-24.43473347766075,0.912414379544733,0.912414379544733
19.910535311921922,-24.631566389265878,0.9219544457292888,0.9219544457292888
19.948129918943504,-24.82852587483534,0.9,0.9
19.98049294518137,-25.026402220209345,0.9055385138137417,0.9055385138137417
20.01291106688992,-25.22430020078014,0.9219544457292888,0.9219544457292888
20.048676248218115,-25.421571710438503,0.8860022573334675,0.8860022573334675
20.08737718303838,-25.6182745698219,0.9013878188659974,0.9013878188659974
20.119039824331672,-25.816294913447205,0.912414379544733,0.912414379544733
20.152973375429873,-26.013941593234314,0.9340770846134703,0.9340770846134703
20.186199959888203,-26.211705656324405,0.9013878188659974,0.9013878188659974
20.226997384754682,-26.408045361992567,0.9055385138137417,0.9055385138137417
20.258517434543325,-26.606044281704023,0.9219544457292888,0.9219544457292888
20.29340954412272,-26.803527230549577,0.9,0.9
20.323943983031945,-27.001717075379496,0.9055385138137417,0.9055385138137417
20.359735716222044,-27.199019004451866,0.9340770846134703,0.9340770846134703
20.392219201846842,-27.396881202333073,0.9013878188659974,0.9013878188659974
20.43416386872933,-27.592973338536694,0.9055385138137417,0.9055385138137417
20.46337390491226,-27.791321400220077,0.9219544457292888,0.9219544457292888
20.499551475643077,-27.988523548119048,0.9,0.9
20.536312599008586,-28.185611278084025,0.9055385138137417,0.9055385138137417
20.582117602574225,-28.381257495557865,0.9340770846134703,0.9340770846134703
20.640770938824705,-28.572819711811242,0.9178779875342911,0.9178779875342911
20.724705434051952,-28.754886307539582,0.9178779875342911,0.9178779875342911
20.82298368359659,-28.929628636712536,0.9300537618869138,0.9300537618869138
20.934089660232186,-29.096569349922035,0.9300537618869138,0.9300537618869138
21.050417237138067,-29.259924416528403,0.9300537618869138,0.9300537618869138
21.172374337524936,-29.419097923803303,0.9219544457292888,0.9219544457292888
21.30377837718129,-29.570570311650176,0.9192388155425117,0.9192388155425117
21.440531261645592,-29.717226134631467,0.9192388155425117,0.9192388155425117
21.582804513229068,-29.858528302821274,0.9192388155425117,0.9192388155425117
21.731743918336377,-29.99277695938862,0.9192388155425117,0.9192388155425117
21.87839696822229,-30.12954704962399,0.9433981132056604,0.9433981132056604
22.020741485018696,-30.270809055448684,0.95524865872714,0.95524865872714
22.164501763705726,-30.41061891184153,0.95524865872714,0.95524865872714
22.314487978825017,-30.54369843938419,0.9300537618869138,0.9300537618869138
22.47165765707345,-30.668229607505502,0.95524865872714,0.95524865872714
22.634628711259918,-30.785085300542775,0.9300537618869138,0.9300537618869138
22.80274899816137,-30.894194018062034,0.9178779875342911,0.9178779875342911
22.980039974946155,-30.98779867958647,0.9394147114027969,0.9394147114027969
23.16042720866224,-31.0753951152317,0.9486832980505139,0.9486832980505139
23.347761162410436,-31.146798448765004,0.9486832980505139,0.9486832980505139
23.541879415932957,-31.19809213527172,0.95524865872714,0.95524865872714
23.740208125565246,-31.229739284088822,0.97082439194738,0.97082439194738
23.94027730094562,-31.24280756721941,0.9500000000000001,0.9500000000000001
24.139248157971835,-31.220401861158,0.95524865872714,0.95524865872714
24.33495554871077,-31.17243883420243,0.9486832980505139,0.9486832980505139
24.527337935836186,-31.115736068651195,0.9219544457292888,0.9219544457292888
24.718434959098474,-31.055370504861745,0.9340770846134703,0.9340770846134703
24.901728634886204,-30.974164941526585,0.9178779875342911,0.9178779875342911
25.076038408486212,-30.87505664695571,0.9013878188659974,0.9013878188659974
25.24380142487869,-30.765193345766882,0.9013878188659974,0.9013878188659974
25.40928926069604,-30.651918530493393,0.9300537618869138,0.9300537618869138
25.574319587097797,-30.53798085666292,0.890224690738243,0.890224690738243
25.740275720520557,-30.42540867683937,0.890224690738243,0.890224690738243
25.906186852412766,-30.31275292987474,0.9178779875342911,0.9178779875342911
26.072749723782426,-30.201064873763222,0.9178779875342911,0.9178779875342911
26.239579168948424,-30.089774986608308,0.8746427842267951,0.8746427842267951
26.406734957225833,-29.97897612629199,0.9013878188659974,0.9013878188659974
26.573992545901433,-29.86833095531898,0.9013878188659974,0.9013878188659974
26.740256526067466,-29.756200500438496,0.9013878188659974,0.9013878188659974
26.905439743493876,-29.642481745841934,0.890224690738243,0.890224690738243
27.07067926891336,-29.528844851356173,0.9013878188659974,0.9013878188659974
27.236569780173106,-29.41616142711381,0.9013878188659974,0.9013878188659974
27.403752960089033,-29.305406909763683,0.9300537618869138,0.9300537618869138
27.571630080829795,-29.19570459087614,0.890224690738243,0.890224690738243
27.736338832716612,-29.081325853169865,0.890224690738243,0.890224690738243
27.900028723545542,-28.965482586259512,0.9178779875342911,0.9178779875342911
28.06702827199945,-28.85447795372675,0.9178779875342911,0.9178779875342911
28.240150039739355,-28.75347705216577,0.9178779875342911,0.9178779875342911
28.42418321891416,-28.673988717230184,0.9013878188659974,0.9013878188659974
28.611403696732083,-28.602141970015072,0.9340770846134703,0.9340770846134703
28.803102174684344,-28.543396833621546,0.9013878188659974,0.9013878188659974
28.997459781764825,-28.494412410538594,0.8860022573334675,0.8860022573334675
29.195830463743018,-28.46551722103837,0.9055385138137417,0.9055385138137417
29.395249267265054,-28.445546004073886,0.9,0.9
29.5957508568824,-28.446327591649922,0.9,0.9
29.796058428272598,-28.454132866696813,0.9500000000000001,0.9500000000000001
29.996198533291043,-28.45991739480132,0.9500000000000001,0.9500000000000001
30.18798741334231,-28.51396783375204,1.0,1.0
30.357234780306,-28.62114826021781,0.9861541461658011,0.9861541461658011
30.527606128609275,-28.72678705851427,0.9861541461658011,0.9861541461658011
30.691727440101047,-28.841925929244198,1.0,1.0
30.85429435386432,-28.959387837547165,1.0124228365658294,1.0124228365658294
31.015224557237325,-29.07902201501736,0.9924716620639604,0.9924716620639604
31.17618609590554,-29.198639487722527,0.9861541461658011,0.9861541461658011
31.340336304020024,-29.31383102320128,1.0,1.0
31.505388553458822,-29.427739485989353,0.9861541461658011,0.9861541461658011
31.667712512421122,-29.54549747558253,0.9861541461658011,0.9861541461658011
31.828139904666703,-29.66583177366244,1.0,1.0
31.988594007759776,-29.786131197559936,0.9924716620639604,0.9924716620639604
32.14938622308176,-29.905978411552134,0.97082439194738,0.97082439194738
32.310804170984206,-30.02498035404988,0.97082439194738,0.97082439194738
32.473945915997504,-30.1416043310253,0.97082439194738,0.97082439194738
32.639132307106536,-30.25531560889612,0.97082439194738,0.97082439194738
32.80546246546092,-30.367350150780446,0.9861541461658011,0.9861541461658011
32.97060623493009,-30.481118940237053,0.9861541461658011,0.9861541461658011
33.13190783937762,-30.600261192606272,0.9861541461658011,0.9861541461658011
33.290527159037204,-30.7229692812325,0.9861541461658011,0.9861541461658011
33.450393030090495,-30.84404139107495,0.95524865872714,0.95524865872714
33.61270677128502,-30.961818019698377,0.9861541461658011,0.9861541461658011
33.77502072241812,-31.07959437174475,0.97082439194738,0.97082439194738
33.93602263933271,-31.19915952735716,0.9604686356149273,0.9604686356149273
34.097960380011415,-31.31744953723902,0.9604686356149273,0.9604686356149273
34.26200479028683,-31.43280294926929,0.9604686356149273,0.9604686356149273
34.42672042595974,-31.547198129293633,0.9604686356149273,0.9604686356149273
34.5914501684648,-31.66157256959133,0.97082439194738,0.97082439194738
34.75771725949104,-31.773694512998937,0.97082439194738,0.97082439194738
34.92605696649574,-31.882685399636312,0.9848857801796105,0.9848857801796105
35.093284420791086,-31.99336572220401,0.9861541461658011,0.9861541461658011
35.25720331343005,-32.10889415537039,1.0,1.0
35.42085463009292,-32.22480437474051,1.0,1.0
35.58563155257809,-32.3391111199216,1.0,1.0
35.74874665339274,-32.45576925036173,0.9861541461658011,0.9861541461658011
35.909596545340165,-32.57553945539506,0.9924716620639604,0.9924716620639604
36.07200536784485,-32.69318331029172,0.9861541461658011,0.9861541461658011
36.23660780126814,-32.80773368938097,0.9861541461658011,0.9861541461658011
36.40078376438345,-32.92289389069136,0.9861541461658011,0.9861541461658011
36.56110665096661,-33.04335718724287,0.97082439194738,0.97082439194738
36.72120396272875,-33.164122890199664,0.9924716620639604,0.9924716620639604
36.88591959814369,-33.27850002737299,0.9861541461658011,0.9861541461658011
37.05099299162864,-33.392372719825275,0.9604686356149273,0.9604686356149273
37.214013835996525,-33.50916517275484,1.0,1.0
37.37435964350384,-33.62960292398725,0.9899494936611666,0.9899494936611666
37.53153730945033,-33.75393349577249,0.97082439194738,0.97082439194738
37.68145801669691,-33.886940840660365,0.95524865872714,0.95524865872714
37.84012316923852,-34.009384609202755,0.95524865872714,0.95524865872714
37.987368410386416,-34.14400616210712,0.97082439194738,0.97082439194738
38.101031083165566,-34.30915662596017,0.97082439194738,0.97082439194738
38.2317977755351,-34.4606372891917,0.9899494936611666,0.9899494936611666
38.347133374111266,-34.62421841905358,1.0259142264341596,1.0259142264341596
38.4209052679176,-34.81002777828668,1.0700467279516348,1.0700467279516348
38.47580436527727,-35.002882437259835,1.140175425099138,1.140175425099138
38.490148869109746,-35.201770540347695,1.176860229593982,1.176860229593982
38.46642550561521,-35.400553010250974,1.2349089035228469,1.2349089035228469
38.38831158316156,-35.5847174982473,1.2083045973594573,1.2083045973594573
38.274377535948716,-35.74938108193274,1.176860229593982,1.176860229593982
38.11739885986782,-35.87224746935234,1.0688779163215976,1.0688779163215976
37.936439102368865,-35.955199467757396,1.0307764064044151,1.0307764064044151
37.74650399020459,-36.0157922897825,1.0124228365658294,1.0124228365658294
37.55911507530888,-36.08641642316943,0.9848857801796105,0.9848857801796105
37.36600902621477,-36.14022903383584,0.9486832980505139,0.9486832980505139
37.17008463102605,-36.18184033277977,0.9486832980505139,0.9486832980505139
36.97619311228465,-36.23258246262118,0.9340770846134703,0.9340770846134703
36.77905031262686,-36.26584188615786,0.9219544457292888,0.9219544457292888
36.5831988697688,-36.308954201115526,0.9340770846134703,0.9340770846134703
36.38313158719246,-36.320351327429776,0.9013878188659974,0.9013878188659974
36.185997649782436,-36.35350180050926,0.9486832980505139,0.9486832980505139
35.98613400236975,-36.36260561222954,0.9500000000000001,0.9500000000000001
35.78834842390293,-36.39131340681215,0.9219544457292888,0.9219544457292888
35.59156997490975,-36.424722453377676,0.9500000000000001,0.9500000000000001
35.391133677457304,-36.42517052360014,0.9500000000000001,0.9500000000000001
35.19080771397029,-36.436221088564835,0.9340770846134703,0.9340770846134703
34.99216103569884,-36.463089495210184,0.9513148795220223,0.9513148795220223
34.795775934287505,-36.50328361476434,0.982344135219425,0.982344135219425
34.59639575552213,-36.52402622163547,0.97082439194738,0.97082439194738
34.39694168193646,-36.5444058528606,0.9500000000000001,0.9500000000000001
34.19941002894015,-36.57870629340121,0.9617692030835672,0.9617692030835672
34.001687476393734,-36.61219953861714,0.982344135219425,0.982344135219425
33.805817834587934,-36.65444831139132,0.982344135219425,0.982344135219425
33.61384514724323,-36.712584257280774,0.982344135219425,0.982344135219425
33.42656261191234,-36.78413392505438,0.9486832980505139,0.9486832980505139
33.242917393021074,-36.8639541254925,0.9604686356149273,0.9604686356149273
33.06911980712201,-36.96465632793704,0.9604686356149273,0.9604686356149273
32.904211616964304,-37.07767928342435,0.95524865872714,0.95524865872714
32.76732381508108,-37.224368529839595,0.9604686356149273,0.9604686356149273
32.64226591737153,-37.38260669023292,0.9178779875342911,0.9178779875342911
32.54922950302332,-37.56138240551326,0.9300537618869138,0.9300537618869138
32.49843609004915,-37.75267207671439,0.9617692030835672,0.9617692030835672
32.510383788780075,-37.95783426153821,0.9500000000000001,0.9500000000000001
32.5212922152858,-38.17062896281036,0.9513148795220223,0.9513148795220223
32.54192354370551,-38.38161403146688,0.982344135219425,0.982344135219425
32.58357430835422,-38.58121771643499,1.0062305898749055,1.0062305898749055
32.657541043546956,-38.759868266641874,1.0307764064044151,1.0307764064044151
32.77481688926987,-38.90818948425378,1.0259142264341596,1.0259142264341596
32.9342864547187,-39.02460974189499,1.0259142264341596,1.0259142264341596
33.11892079022776,-39.11781451881341,0.97082439194738,0.97082439194738
33.31060868813928,-39.197186865159516,0.9192388155425117,0.9192388155425117
33.49526821492391,-39.27169477623493,0.9656603957913984,0.9656603957913984
33.693436853618486,-39.30049667353265,0.9486832980505139,0.9486832980505139
33.891085575914296,-39.33437684053246,0.9055385138137417,0.9055385138137417
34.09069402925586,-39.3525157116276,0.9500000000000001,0.9500000000000001
34.29075289178156,-39.34082439152465,0.9,0.9
34.49077368597607,-39.32686283832379,0.912414379544733,0.912414379544733
34.69051250036192,-39.30893130214751,0.9500000000000001,0.9500000000000001
34.888491269847506,-39.27708865686387,0.9219544457292888,0.9219544457292888
35.08484707570112,-39.23679402838061,0.912414379544733,0.912414379544733
35.283047942941344,-39.20826478155105,0.9617692030835672,0.9617692030835672
35.48343262842489,-39.2078434770664,1.0,1.0
35.68324650720912,-39.22275290351061,1.0,1.0
35.871741482744,-39.28930012946935,1.0124228365658294,1.0124228365658294
36.04497175670858,-39.38948395396977,1.0259142264341596,1.0259142264341596
36.19785176636389,-39.51909220730544,1.0,1.0
36.32920752808566,-39.669745641157334,0.9899494936611666,0.9899494936611666
36.43664451146974,-39.83863248535865,0.97082439194738,0.97082439194738
36.51651966923623,-40.02243216387006,0.9617692030835672,0.9617692030835672
36.561689659463255,-40.217404196920654,0.9340770846134703,0.9340770846134703
36.60690956511743,-40.41242523932008,0.9340770846134703,0.9340770846134703
36.64876266694365,-40.608339095219016,0.873212459828649,0.873212459828649
36.68885606812011,-40.80467583660107,0.9,0.9
36.71161542574616,-41.00376032213168,0.9486832980505139,0.9486832980505139
36.7314818985664,-41.203547728669825,0.912414379544733,0.912414379544733
36.76870259334889,-41.40033218929696,0.9219544457292888,0.9219544457292888
36.80248317619003,-41.59796683665077,0.9340770846134703,0.9340770846134703
36.8293429784097,-41.79664159589449,0.9500000000000001,0.9500000000000001
36.85797830710795,-41.99472263293016,0.9513148795220223,0.9513148795220223
36.875920765594174,-42.19401160506802,0.982344135219425,0.982344135219425
36.839640863093116,-42.3909292683424,1.0124228365658294,1.0124228365658294
36.77180223088763,-42.57944856612866,1.0547511554864495,1.0547511554864495
36.66211320243242,-42.74676280401567,1.063014581273465,1.063014581273465
36.51615361435444,-42.88384503146074,1.0606601717798214,1.0606601717798214
36.34346960478573,-42.98523205316074,1.0,1.0
36.15638958330868,-43.056175577155045,0.9962429422585638,0.9962429422585638
35.96046075574001,-43.09631876373546,0.9340770846134703,0.9340770846134703
35.76122526519097,-43.11565271975941,0.9219544457292888,0.9219544457292888
35.56099635465995,-43.11846185814314,0.9,0.9
35.36169943224532,-43.09983080642087,0.8500000000000001,0.8500000000000001
35.16233711804174,-43.09390186017071,0.8500000000000001,0.8500000000000001
34.963842492562186,-43.069964944792694,0.8514693182963202,0.8514693182963202
34.76451063760065,-43.05110817982579,0.873212459828649,0.873212459828649
34.5669525439033,-43.0168838128818,0.8558621384311845,0.8558621384311845
34.36699053053461,-43.0063080910073,0.9,0.9
34.17100237551921,-42.96461421047158,0.873212459828649,0.873212459828649
33.97144645507272,-42.94677537036134,0.8558621384311845,0.8558621384311845
33.773414029067965,-42.91910463774946,0.9013878188659974,0.9013878188659974
33.57604365984575,-42.8846139547998,0.8860022573334675,0.8860022573334675
33.37672675200496,-42.86291973888328,0.9219544457292888,0.9219544457292888
33.18067385002825,-42.82087761899988,0.912414379544733,0.912414379544733
32.98274220228328,-42.788749268984944,0.9055385138137417,0.9055385138137417
32.786878332252165,-42.74569333257418,0.9013878188659974,0.9013878188659974
32.589308927783435,-42.7115609395778,0.9340770846134703,0.9340770846134703
32.3927160899499,-42.67237622525171,0.9219544457292888,0.9219544457292888
32.19672732458935,-42.629945285668036,0.912414379544733,0.912414379544733
32.00080098278855,-42.587206843151456,0.9013878188659974,0.9013878188659974
31.805738308797928,-42.54064905325819,0.9013878188659974,0.9013878188659974
31.610307475324852,-42.49566581949094,0.9013878188659974,0.9013878188659974
31.415474078783394,-42.44817960652877,0.9013878188659974,0.9013878188659974
31.221188631517983,-42.39847540279763,0.9013878188659974,0.9013878188659974
31.026328523643024,-42.35107434890706,0.9340770846134703,0.9340770846134703
30.832454397393377,-42.299892242489264,0.9013878188659974,0.9013878188659974
30.64013153494545,-42.24306888028472,0.912414379544733,0.912414379544733
30.447114638968912,-42.18864625843001,0.9192388155425117,0.9192388155425117
30.25437604639868,-42.133246753965,0.912414379544733,0.912414379544733
30.06150707895273,-42.07830182298611,0.9192388155425117,0.9192388155425117
29.868522527496634,-42.02376318882239,0.9219544457292888,0.9219544457292888
29.676189521967835,-41.9669885183854,0.9340770846134703,0.9340770846134703
29.485556726601807,-41.9047556206824,0.9340770846134703,0.9340770846134703
29.29586443177966,-41.83968459019299,0.9192388155425117,0.9192388155425117
29.10553732227815,-41.776496515829095,0.9192388155425117,0.9192388155425117
28.915052775957516,-41.713783214400635,0.9340770846134703,0.9340770846134703
28.724916556776144,-41.65001824068081,0.9340770846134703,0.9340770846134703
28.534469614218786,-41.58722931595062,0.9192388155425117,0.9192388155425117
28.34643737020364,-41.51752454377701,0.9394147114027969,0.9394147114027969
28.158564597268153,-41.44737268886537,0.9013878188659974,0.9013878188659974
27.97068640560114,-41.377236676938736,0.9192388155425117,0.9192388155425117
27.783852233526847,-41.304369340230416,0.9340770846134703,0.9340770846134703
27.597896258546747,-41.22928386447451,0.9340770846134703,0.9340770846134703
27.411994747806922,-41.15406330110699,0.9394147114027969,0.9394147114027969
27.225247369006887,-41.08097377291465,0.9192388155425117,0.9192388155425117
27.038855982873585,-41.00699843779559,0.9340770846134703,0.9340770846134703
26.855650504991015,-40.925455353972325,0.9178779875342911,0.9178779875342911
26.672931630413302,-40.84281476171226,0.9178779875342911,0.9178779875342911
26.48889817167053,-40.76313398769476,0.9394147114027969,0.9394147114027969
26.30666462082181,-40.67944985878832,0.9178779875342911,0.9178779875342911
26.127488231602438,-40.58938290098597,0.9178779875342911,0.9178779875342911
25.948508338065178,-40.49892084980554,0.9178779875342911,0.9178779875342911
25.76893167998318,-40.40964869675518,0.9394147114027969,0.9394147114027969
25.589880255407518,-40.319325717249704,0.9394147114027969,0.9394147114027969
25.40973957685915,-40.23120671252187,0.9178779875342911,0.9178779875342911
25.230038988253884,-40.142193630955774,0.9178779875342911,0.9178779875342911
25.05347180900941,-40.0471414829117,0.894427190999916,0.894427190999916
24.881052188723274,-39.9447247866553,0.9178779875342911,0.9178779875342911
24.7056328742664,-39.84758181001118,0.894427190999916,0.894427190999916
24.530699966008115,-39.749548086576695,0.9178779875342911,0.9178779875342911
24.35895958233339,-39.64602945603783,0.9013878188659974,0.9013878188659974
24.191891765513937,-39.535154819859,0.9300537618869138,0.9300537618869138
24.028280327504746,-39.419313164235234,0.9433981132056604,0.9433981132056604
23.869497066023865,-39.29690956307218,0.95524865872714,0.95524865872714
23.71393083320119,-39.170538047437,0.9861541461658011,0.9861541461658011
23.563968368799046,-39.03740249248746,0.9899494936611666,0.9899494936611666
23.418181664940903,-38.89970222026681,0.9899494936611666,0.9899494936611666
23.27594026364847,-38.758342631664874,0.9899494936611666,0.9899494936611666
23.13662650401295,-38.6140914314671,0.9899494936611666,0.9899494936611666
22.999491707879535,-38.4677665142705,0.97082439194738,0.97082439194738
22.863858051196427,-38.32004764446805,0.9899494936611666,0.9899494936611666
22.727885849539536,-38.17264683120341,0.9899494936611666,0.9899494936611666
22.58971363286031,-38.02730060653971,0.9899494936611666,0.9899494936611666
22.451198144574466,-37.88228048995265,0.9899494936611666,0.9899494936611666
22.31490163661638,-37.73517861612593,0.9899494936611666,0.9899494936611666
22.181677958114275,-37.58528407121397,0.9899494936611666,0.9899494936611666
22.04915934144304,-37.434764555379395,0.9899494936611666,0.9899494936611666
21.915392514244203,-37.28535223466013,0.9899494936611666,0.9899494936611666
21.78367846010025,-37.13413426014967,0.9899494936611666,0.9899494936611666
21.656678579763287,-36.97894037652389,0.9861541461658011,0.9861541461658011
21.532325680065487,-36.82162694506666,0.9899494936611666,0.9899494936611666
21.41192509885348,-36.66118325817232,1.0,1.0
21.282346341817348,-36.508176435851,0.9861541461658011,0.9861541461658011
21.15342433030085,-36.35457326772117,0.9924716620639604,0.9924716620639604
21.026724853378816,-36.19913247902188,0.9899494936611666,0.9899494936611666
20.90039444526347,-36.043381701347535,0.9604686356149273,0.9604686356149273
20.77584909636084,-35.88620460396916,0.9924716620639604,0.9924716620639604
20.655375816015503,-35.72588826259667,0.9861541461658011,0.9861541461658011
20.538040084854924,-35.56325578175539,0.97082439194738,0.97082439194738
20.421560444171387,-35.40000748884992,0.97082439194738,0.97082439194738
20.303100441921014,-35.238200495889046,0.97082439194738,0.97082439194738
20.181567752698065,-35.07867752850002,0.9861541461658011,0.9861541461658011
20.062462908324527,-34.91735060169293,0.9861541461658011,0.9861541461658011
19.94785813503345,-34.75279338339665,0.9433981132056604,0.9433981132056604
19.83809564974788,-34.5849607395558,0.97082439194738,0.97082439194738
19.732544985679105,-34.41444634118349,0.97082439194738,0.97082439194738
19.628551426092493,-34.24297423057083,0.9861541461658011,0.9861541461658011
19.523688035370046,-34.07203271502975,0.9861541461658011,0.9861541461658011
19.42199074248237,-33.89921095984223,1.0062305898749055,1.0062305898749055
19.327078471161304,-33.722574448546474,1.0,1.0
19.231099360730738,-33.546455522273185,1.0062305898749055,1.0062305898749055
19.122957081301692,-33.37758466053321,1.0,1.0
19.021029073944106,-33.20496232419623,0.9848857801796105,0.9848857801796105
18.926739909878208,-33.02800708182618,0.9848857801796105,0.9848857801796105
18.825464407211857,-32.8550112288431,0.97082439194738,0.97082439194738
18.744842311990663,-32.67156722974646,0.9656603957913984,0.9656603957913984
18.66624888496547,-32.48710602060844,1.0062305898749055,1.0062305898749055
18.577868437149004,-32.307148195095735,0.9848857801796105,0.9848857801796105
18.484058592347527,-32.12993658951221,0.982344135219425,0.982344135219425
18.403263916359286,-31.946435313158283,0.982344135219425,0.982344135219425
18.324671161301175,-31.76194195797842,0.9656603957913984,0.9656603957913984
18.240416769527144,-31.579955828177788,0.9486832980505139,0.9486832980505139
18.157778389390547,-31.397235298104096,0.9617692030835672,0.9617692030835672
18.079136376684644,-31.212769620198326,0.9394147114027969,0.9394147114027969
18.00823526642021,-31.025206594216844,0.9656603957913984,0.9656603957913984
17.94025978592804,-30.836549532897568,0.9394147114027969,0.9394147114027969
17.877452581234426,-30.646124573905965,0.9656603957913984,0.9656603957913984
17.819909614764452,-30.4540183120525,0.9656603957913984,0.9656603957913984
17.763968743312613,-30.26143639893216,0.97082439194738,0.97082439194738
17.70545485444815,-30.069620298086047,0.982344135219425,0.982344135219425
17.651310928005692,-29.87652849454028,0.97082439194738,0.97082439194738
17.595427707022292,-29.683945707965698,0.9486832980505139,0.9486832980505139
17.53443505303916,-29.49290087539254,0.9486832980505139,0.9486832980505139
17.485439173397832,-29.298450049305526,0.9486832980505139,0.9486832980505139
17.438540830537146,-29.10349549264994,0.9340770846134703,0.9340770846134703
17.401767120256654,-28.906395729572807,0.982344135219425,0.982344135219425
17.367365487413803,-28.7088290070107,0.97082439194738,0.97082439194738
17.32837493925208,-28.51212642824132,0.9617692030835672,0.9617692030835672
17.28048054743391,-28.317395754239627,0.9617692030835672,0.9617692030835672
17.23245542098255,-28.12277351170117,0.95524865872714,0.95524865872714
17.195534938274587,-27.925683465471007,0.9486832980505139,0.9486832980505139
17.1535594009692,-27.729585301489884,0.982344135219425,0.982344135219425
17.11848409643607,-27.532189866995033,0.9617692030835672,0.9617692030835672
17.08675015332044,-27.33424874142892,0.9513148795220223,0.9513148795220223
17.062509706071474,-27.1351126864121,0.982344135219425,0.982344135219425
17.029820858088623,-26.937311529944978,0.9617692030835672,0.9617692030835672
17.000277737940365,-26.739162615234445,0.9962429422585638,0.9962429422585638
16.964109909851075,-26.541892545967123,0.982344135219425,0.982344135219425
16.925743506877872,-26.345236931629458,0.9617692030835672,0.9617692030835672
16.89817574500585,-26.14685336212938,0.9500000000000001,0.9500000000000001
16.877735676447816,-25.947317239221157,0.97082439194738,0.97082439194738
16.8392270302925,-25.750528343853414,0.9513148795220223,0.9513148795220223
16.808769376954498,-25.55233814854188,0.982344135219425,0.982344135219425
16.78021190774328,-25.354008116114017,0.9617692030835672,0.9617692030835672
16.756794142422542,-25.154740911371523,1.0,1.0
16.721609473193396,-24.957344396977135,0.97082439194738,0.97082439194738
16.68955491596375,-24.759422783914466,0.95524865872714,0.95524865872714
16.66577625274212,-24.5604302026591,0.9962429422585638,0.9962429422585638
16.644550010347608,-24.36066038776013,0.97082439194738,0.97082439194738
16.602364541199044,-24.164600159589792,1.0012492197250393,1.0012492197250393
16.572044772620615,-23.966720542961227,0.982344135219425,0.982344135219425
16.541691509728253,-23.768574274018164,0.9617692030835672,0.9617692030835672
16.504757727074097,-23.57148299045262,1.0012492197250393,1.0012492197250393
16.469174800754253,-23.374154647459772,0.982344135219425,0.982344135219425
16.443912629455827,-23.17533857120636,0.95524865872714,0.95524865872714
16.41669612764653,-22.976622277414066,0.9962429422585638,0.9962429422585638
16.384645562281772,-22.7787291525016,0.97082439194738,0.97082439194738
16.347009528363014,-22.581720908447167,0.95524865872714,0.95524865872714
16.311193610600363,-22.384594712979005,0.9962429422585638,0.9962429422585638
16.285326407565165,-22.18585025092947,0.9617692030835672,0.9617692030835672
16.25601807397705,-21.987468552309153,1.0012492197250393,1.0012492197250393
16.22160371077719,-21.789970229933033,0.982344135219425,0.982344135219425
16.192409577440177,-21.59159384666539,0.9617692030835672,0.9617692030835672
16.156191823845813,-21.39445848217546,1.0,1.0
16.13096679704004,-21.19563094925538,0.97082439194738,0.97082439194738
16.09317576475743,-20.99869156745737,0.95524865872714,0.95524865872714
16.063963479225993,-20.800316945664402,0.982344135219425,0.982344135219425
16.017634754451475,-20.605291423245035,0.982344135219425,0.982344135219425
15.937133744922692,-20.423120035475577,0.9617692030835672,0.9617692030835672
15.796574477604484,-20.283263713295614,0.9013878188659974,0.9013878188659974
15.663480083404075,-20.13082133633199,0.9192388155425117,0.9192388155425117
15.540754201072698,-19.966158685013987,0.9192388155425117,0.9192388155425117
15.417518695611829,-19.802843944685794,0.9604686356149273,0.9604686356149273
15.28289543202301,-19.654445300691663,1.0062305898749055,1.0062305898749055
15.126006275307697,-19.534530938375763,1.0594810050208545,1.0594810050208545
14.938360002573287,-19.467121306766924,1.0688779163215976,1.0688779163215976
14.740884408417411,-19.438876544484376,1.0793516572461452,1.0793516572461452
14.545743718131503,-19.41445767613134,1.051189802081432,1.051189802081432
14.409220245493868,-19.27724396246958,1.044030650891055,1.044030650891055
14.356136817449507,-19.08466009284598,1.044030650891055,1.044030650891055
14.304495672608617,-18.891159550062618,1.0307764064044151,1.0307764064044151
14.260578879276094,-18.695586852547077,1.019803902718557,1.019803902718557
14.226004000769102,-18.498368262447705,1.0012492197250393,1.0012492197250393
14.173887222670242,-18.30476540930617,0.97082439194738,0.97082439194738
14.127760278925109,-18.109913469062793,0.9500000000000001,0.9500000000000001
14.103110297636967,-17.91130487748088,0.97082439194738,0.97082439194738
14.075198322753186,-17.713318457240984,0.9513148795220223,0.9513148795220223
14.04601333826386,-17.515089974109127,0.9340770846134703,0.9340770846134703
14.016622522362777,-17.316714507419544,0.9513148795220223,0.9513148795220223
13.985984628831664,-17.119234940703322,0.9340770846134703,0.9340770846134703
13.966955007026831,-16.919816261061346,0.9513148795220223,0.9513148795220223
13.947332743762026,-16.721250702860612,0.9340770846134703,0.9340770846134703
13.986723821388066,-16.52485152411778,0.9340770846134703,0.9340770846134703
14.04135992774871,-16.3320509565366,0.9178779875342911,0.9178779875342911
14.129346113685951,-16.151965749702452,0.9394147114027969,0.9394147114027969
14.214852749219434,-15.970708832046018,0.9394147114027969,0.9394147114027969
14.289704275241908,-15.784664385932752,0.9192388155425117,0.9192388155425117
14.373877936620145,-15.602654805831229,0.97082439194738,0.97082439194738
14.441260504607104,-15.413742916958201,0.9486832980505139,0.9486832980505139
14.489119459338871,-15.218909263073082,0.95524865872714,0.95524865872714
14.500454833832913,-15.019148323472429,0.9617692030835672,0.9617692030835672
14.510857154098616,-14.818933590235176,0.9500000000000001,0.9500000000000001
14.499174198320919,-14.619999846000372,0.9,0.9
14.493409403547895,-14.420286117199666,0.9,0.9
14.461799485066225,-14.222298331787785,0.9219544457292888,0.9219544457292888
14.437507981731741,-14.02332943623997,0.9013878188659974,0.9013878188659974
14.403581999793676,-13.82576815769187,0.9340770846134703,0.9340770846134703
14.38628240874192,-13.626082198344047,0.9013878188659974,0.9013878188659974
14.35154584086941,-13.428692538884603,0.9340770846134703,0.9340770846134703
14.331093128326044,-13.229277808557457,0.9055385138137417,0.9055385138137417
14.296589693149903,-13.03167873632493,0.9,0.9
14.276553044955817,-12.832223882242758,0.9055385138137417,0.9055385138137417
14.242174044056306,-12.634671014533122,0.9,0.9
14.22400313946701,-12.434852813252427,0.912414379544733,0.912414379544733
14.191716799190498,-12.237114429396666,0.9,0.9
14.171554850858156,-12.037845920552698,0.912414379544733,0.912414379544733
14.141741877007943,-11.83987249521686,0.9,0.9
14.110241830145537,-11.642039883807644,0.9219544457292888,0.9219544457292888
14.090306009145815,-11.442501246109277,0.9013878188659974,0.9013878188659974
14.05786929061244,-11.24467251271156,0.9340770846134703,0.9340770846134703
14.034496698072697,-11.04562903611598,0.9013878188659974,0.9013878188659974
14.008221542179214,-10.846829315446087,0.9340770846134703,0.9340770846134703
13.982044816978007,-10.648065524841131,0.9055385138137417,0.9055385138137417
13.94816639121172,-10.450601234795283,0.8860022573334675,0.8860022573334675
13.93222175919943,-10.250689996252634,0.9013878188659974,0.9013878188659974
13.89816667104743,-10.053170771899131,0.8860022573334675,0.8860022573334675
13.874824058414829,-9.854063761109192,0.9055385138137417,0.9055385138137417
13.840974984440459,-9.656452252659737,0.9,0.9
13.810417298300637,-9.458313636768803,0.9219544457292888,0.9219544457292888
13.777326798910941,-9.260543057831299,0.9055385138137417,0.9055385138137417
13.74244808608062,-9.063090116345098,0.9,0.9
13.70913198335334,-8.865341133292944,0.9219544457292888,0.9219544457292888
13.673485849664829,-8.667995918267023,0.9055385138137417,0.9055385138137417
13.64040595560413,-8.470236019821964,0.9,0.9
13.608677390962736,-8.272248329157858,0.9219544457292888,0.9219544457292888
13.571061428525372,-8.07526681324203,0.912414379544733,0.912414379544733
13.537506272588477,-7.8775626761393855,0.9013878188659974,0.9013878188659974
13.505886347420352,-7.679528997720339,0.9340770846134703,0.9340770846134703
13.471335870600129,-7.4819867880536215,0.912414379544733,0.912414379544733
13.439517067161963,-7.284011479638558,0.9013878188659974,0.9013878188659974
13.40655378968234,-7.086217500882418,0.9340770846134703,0.9340770846134703
13.372726413493371,-6.888590647585476,0.912414379544733,0.912414379544733
13.341169558224797,-6.690556479892963,0.9013878188659974,0.9013878188659974
13.303376193648047,-6.49360340434511,0.9219544457292888,0.9219544457292888
13.258734195282335,-6.298113018582834,0.912414379544733,0.912414379544733
13.209776614209952,-6.103696298976921,0.9013878188659974,0.9013878188659974
13.142874198353903,-5.914769127046762,0.873212459828649,0.873212459828649
13.055716461682847,-5.734245876251896,0.894427190999916,0.894427190999916
12.95216251698452,-5.562579377127814,0.9013878188659974,0.9013878188659974
12.833503608131904,-5.400979294236265,0.8845903006477066,0.8845903006477066
12.699930542381757,-5.251438866487008,0.8845903006477066,0.8845903006477066
12.55280133327689,-5.1152437729439155,0.9178779875342911,0.9178779875342911
12.392529604040396,-4.994797216016525,0.9178779875342911,0.9178779875342911
12.218872801027388,-4.8946608442971415,0.894427190999916,0.894427190999916
12.035136974282544,-4.814430821698738,0.9340770846134703,0.9340770846134703
11.846383691541577,-4.746752518624736,0.9013878188659974,0.9013878188659974
11.654917532718516,-4.687125875926881,0.9013878188659974,0.9013878188659974
11.461735293775147,-4.633331022282594,0.9013878188659974,0.9013878188659974
11.26678514591227,-4.586342592954521,0.9013878188659974,0.9013878188659974
11.072657559448858,-4.5360313136229085,0.9013878188659974,0.9013878188659974
10.877585868485664,-4.489578174433511,0.9013878188659974,0.9013878188659974
10.680696167257494,-4.451510930170982,0.9219544457292888,0.9219544457292888
10.484138252030837,-4.411776070483005,0.9219544457292888,0.9219544457292888
10.287444517071078,-4.37298688767823,0.912414379544733,0.912414379544733
10.08961155730066,-4.340362438845154,0.9013878188659974,0.9013878188659974
9.89195492160788,-4.306764069807868,0.9340770846134703,0.9340770846134703
9.693761306150789,-4.276414141651372,0.9055385138137417,0.9055385138137417
9.494908064193288,-4.250986416676177,0.9219544457292888,0.9219544457292888
9.296964728163148,-4.219213979458931,0.912414379544733,0.912414379544733
9.09791724034963,-4.194970547891223,0.9,0.9
8.90035136605989,-4.16067618655746,0.912414379544733,0.912414379544733
8.700322525564836,-4.146985766575707,0.9,0.9
8.50240271510803,-4.11972960470092,0.9055385138137417,0.9055385138137417
8.302775667720613,-4.104371471912232,0.9486832980505139,0.9486832980505139
8.104607921575981,-4.079557348210327,0.9013878188659974,0.9013878188659974
7.905186468630666,-4.0648471440763725,0.9340770846134703,0.9340770846134703
7.70495503044828,-4.053478309448477,0.9486832980505139,0.9486832980505139
7.505552190040153,-4.034173429159129,0.9013878188659974,0.9013878188659974
7.307014170380742,-4.006911243327225,0.9340770846134703,0.9340770846134703
7.1064208192567095,-3.999662769454315,0.9,0.9
6.906504711209694,-3.9954975939665873,0.9,0.9
6.7100936865113185,-3.9965267450043584,0.9219544457292888,0.9219544457292888
6.508450376387229,-3.9810043043822514,0.9500000000000001,0.9500000000000001
6.310499057483711,-4.013650240803,0.9656603957913984,0.9656603957913984
6.113054400701903,-4.050380849067532,0.982344135219425,0.982344135219425
5.91587326964195,-4.09721106741834,1.044030650891055,1.044030650891055
5.725897641318695,-4.167565586476817,1.0295630140987002,1.0295630140987002
5.547451868181532,-4.261368218352873,0.9899494936611666,0.9899494936611666
5.37898831969879,-4.370183722167942,0.97082439194738,0.97082439194738
5.218003487851988,-4.489732304823271,0.97082439194738,0.97082439194738
5.046502772272042,-4.593375018944895,0.9656603957913984,0.9656603957913984
4.861002850988149,-4.669299086867437,1.0124228365658294,1.0124228365658294
4.670238400605709,-4.731067703474679,1.0111874208078342,1.0111874208078342
4.473184960957665,-4.767429880189617,1.0111874208078342,1.0111874208078342
4.27606769271614,-4.803846366309049,1.019803902718557,1.019803902718557
4.07750786952302,-4.831572944229211,0.9962429422585638,0.9962429422585638
3.8808275696585666,-4.870744628015253,0.9962429422585638,0.9962429422585638
3.6840833041600005,-4.909459733342108,1.004987562112089,1.004987562112089
3.4863171191964475,-4.9393572576781235,0.9617692030835672,0.9617692030835672
3.288748941224572,-4.972277542074176,0.9962429422585638,0.9962429422585638
3.0897290350711453,-4.9955509439541865,0.95524865872714,0.95524865872714
2.892386390879928,-5.030823193034078,0.97082439194738,0.97082439194738
2.6948763555397792,-5.0651506199681995,0.9962429422585638,0.9962429422585638
2.4963452239741915,-5.093141439298063,0.95524865872714,0.95524865872714
2.2996706128448654,-5.131606548335714,0.9617692030835672,0.9617692030835672
2.102620479036403,-5.166034212832422,0.97082439194738,0.97082439194738
1.9055003339152772,-5.201627181181486,0.9962429422585638,0.9962429422585638
1.7088589867328496,-5.240971068602778,0.9486832980505139,0.9486832980505139
1.5114210785718596,-5.271430163944685,0.95524865872714,0.95524865872714
1.3137135199547125,-5.300679690026579,0.982344135219425,0.982344135219425
1.1134866412563325,-5.314114822542501,0.97082439194738,0.97082439194738
0.9161268588854241,-5.348437235831421,0.9500000000000001,0.9500000000000001
0.7173661616851081,-5.374971009896649,0.9617692030835672,0.9617692030835672
0.5191134783326748,-5.404248367045947,0.9962429422585638,0.9962429422585638
0.3215281101486529,-5.436990362798133,0.95524865872714,0.95524865872714
0.1219618545918633,-5.455563753153497,0.9962429422585638,0.9962429422585638
-0.07513413688815407,-5.492267996935336,0.95524865872714,0.95524865872714
-0.27367360514443834,-5.475775952018579,0.9500000000000001,0.9500000000000001
-0.4727506518649035,-5.460267761873877,0.9486832980505139,0.9486832980505139
-0.6683446061338036,-5.416370917045762,0.9340770846134703,0.9340770846134703
-0.8579545245779154,-5.3513529351178315,0.9192388155425117,0.9192388155425117
-1.0456725704781016,-5.281140051922286,0.9013878188659974,0.9013878188659974
-1.2322225309801202,-5.207561144286696,0.9340770846134703,0.9340770846134703
-1.4127991548175245,-5.120420337367767,0.9394147114027969,0.9394147114027969
-1.5911055621718733,-5.028648030127563,0.9178779875342911,0.9178779875342911
-1.7708992435874487,-4.939821982587875,0.9178779875342911,0.9178779875342911
-1.9475039158272116,-4.844824764854904,0.894427190999916,0.894427190999916
-2.1266851582705737,-4.754881071249258,0.9192388155425117,0.9192388155425117
-2.315255499747988,-4.686964459424748,0.9013878188659974,0.9013878188659974
-2.510333400224834,-4.640657607665505,0.9,0.9
-2.7088454095950554,-4.61155611774964,0.9219544457292888,0.9219544457292888
-2.908907224560035,-4.600052393401103,0.9500000000000001,0.9500000000000001
-3.109431078003476,-4.5973681709041445,0.9,0.9
-3.3099377044695646,-4.599934854635705,0.8860022573334675,0.8860022573334675
-3.5092848401485117,-4.6218168911286766,0.9013878188659974,0.9013878188659974
-3.707071905586942,-4.654806106517444,0.912414379544733,0.912414379544733
-3.9033057135285767,-4.69603814578156,0.873212459828649,0.873212459828649
-4.0965792315407645,-4.749460640931696,0.8860022573334675,0.8860022573334675
-4.28548655853442,-4.816723627368272,0.9219544457292888,0.9219544457292888
-4.472436585939822,-4.88926508658322,0.9013878188659974,0.9013878188659974
-4.657580548824393,-4.966305377975111,0.9178779875342911,0.9178779875342911
-4.832466459335245,-5.064048658145529,0.9394147114027969,0.9394147114027969
-5.002889299919394,-5.169744318865585,0.9178779875342911,0.9178779875342911
-5.1738602768152715,-5.274542286430959,0.9178779875342911,0.9178779875342911
-5.334342252499859,-5.394593563158268,0.9178779875342911,0.9178779875342911
-5.496958493238539,-5.511938974430919,0.9604686356149273,0.9604686356149273
-5.655644839007453,-5.634479532171087,0.9192388155425117,0.9192388155425117
-5.8066965374488655,-5.766356547956123,0.9433981132056604,0.9433981132056604
-5.958326109137057,-5.897568777747648,0.9219544457292888,0.9219544457292888
-6.11042778993868,-6.02826689547628,0.95524865872714,0.95524865872714
-6.259760904438305,-6.162115113232666,0.95524865872714,0.95524865872714
-6.4053838211199325,-6.2999927818576404,0.9192388155425117,0.9192388155425117
-6.547216463634578,-6.441764344655196,0.95524865872714,0.95524865872714
-6.686264239312228,-6.586271045240078,0.95524865872714,0.95524865872714
-6.822767904288245,-6.733182983117465,0.95524865872714,0.95524865872714
-6.956587389710931,-6.882539043627302,0.9300537618869138,0.9300537618869138
-7.086011534798132,-7.03571543561377,0.95524865872714,0.95524865872714
-7.208946476498286,-7.19415054236014,0.9219544457292888,0.9219544457292888
-7.3291262164805815,-7.354688983029828,0.9604686356149273,0.9604686356149273
-7.4506996250715325,-7.514179239575931,0.9178779875342911,0.9178779875342911
-7.566138768675129,-7.678121775135411,0.9178779875342911,0.9178779875342911
-7.667882012336362,-7.85087707906427,0.9394147114027969,0.9394147114027969
-7.770256983526517,-8.023233087851105,0.9300537618869138,0.9300537618869138
-7.886238910219643,-8.186821009435135,0.9394147114027969,0.9394147114027969
-8.002579180145126,-8.350157610633243,0.9178779875342911,0.9178779875342911
-8.110126432171608,-8.519394377855118,0.9178779875342911,0.9178779875342911
-8.210744315208172,-8.692866673271388,0.9178779875342911,0.9178779875342911
-8.31216250205395,-8.865873174925039,0.9300537618869138,0.9300537618869138
-8.412843114896443,-9.039311448455356,0.9178779875342911,0.9178779875342911
-8.512048054500875,-9.213596325241141,0.9300537618869138,0.9300537618869138
-8.607823115063068,-9.3897821063343,0.9178779875342911,0.9178779875342911
-8.696116172718277,-9.569821929880211,0.9617692030835672,0.9617692030835672
-8.776801350961755,-9.753411621363439,0.9486832980505139,0.9486832980505139
-8.854112334114507,-9.938449447105235,0.9178779875342911,0.9178779875342911
-8.928957575287189,-10.124503286856557,0.9340770846134703,0.9340770846134703
-8.9983392391695,-10.312599232775877,0.9617692030835672,0.9617692030835672
-9.074962427912316,-10.49716896719482,0.9604686356149273,0.9604686356149273
-9.191335763537174,-10.660394551986299,0.9924716620639604,0.9924716620639604
-9.302385807775833,-10.827216474796874,0.9899494936611666,0.9899494936611666
-9.442705189735415,-10.969911148632734,1.0404326023342407,1.0404326023342407
-9.604351707050979,-11.088086197991295,1.0307764064044151,1.0307764064044151
-9.77953649208986,-11.184830576697331,1.0793516572461452,1.0793516572461452
-9.96813465515967,-11.252468814567251,1.1236102527122116,1.1236102527122116
-10.166830505814625,-11.276267787533499,1.1500000000000001,1.1500000000000001
-10.367265620513129,-11.273084185542345,1.1672617529928753,1.1672617529928753
-10.56462226989073,-11.241780860331358,1.1704699910719627,1.1704699910719627
-10.748280625670066,-11.161739075060266,1.1672617529928753,1.1672617529928753
-10.90505362805726,-11.03802874068176,1.0965856099730655,1.0965856099730655
-11.028961859215674,-10.880549058287736,1.0594810050208545,1.0594810050208545
-11.130279264021715,-10.70851396073355,1.0111874208078342,1.0111874208078342
-11.199050581945993,-10.520208057589853,1.0,1.0
-11.238107173683934,-10.32432218602153,0.9500000000000001,0.9500000000000001
-11.248387760915353,-10.124501603240162,0.9500000000000001,0.9500000000000001
-11.252109690660141,-9.924193571418117,0.9,0.9
-11.26983028186347,-9.724559386556082,0.9,0.9
-11.280848419053491,-9.524403860255305,0.9,0.9
-11.30074848074599,-9.32498432276791,0.8631338250816034,0.8631338250816034
-11.298575908576982,-9.12442409197461,0.9500000000000001,0.9500000000000001
-11.300827272516798,-8.923919448544304,0.9,0.9
-11.313663223579692,-8.723786389459889,0.9,0.9
-11.321887120403666,-8.523440852371332,0.9,0.9
-11.325636424321406,-8.32295771130687,0.9,0.9
-11.327183633323198,-8.1224229526829,0.9,0.9
-11.326892009643007,-7.921883228909814,0.9,0.9
-11.324229814511364,-7.721353967316493,0.9,0.9
-11.336077788953485,-7.521185382894531,0.9,0.9
-11.341368302793406,-7.320902036412279,0.9,0.9
-11.35041027704592,-7.120619426344024,0.8500000000000001,0.8500000000000001
-11.369597103826111,-6.921090150024478,0.8558621384311845,0.8558621384311845
-11.37315313505827,-6.720593162764883,0.9,0.9
-11.373087695706324,-6.520050437785831,0.9,0.9
-11.376856725578229,-6.319543851701427,0.9,0.9
-11.379362505170148,-6.119021021228917,0.9,0.9
-11.37746895719593,-5.918495271942436,0.9,0.9
-11.369579539505512,-5.718149346313226,0.9,0.9
-11.357793479403583,-5.518119417882483,0.9,0.9
-11.337230616278811,-5.318740600155825,0.9500000000000001,0.9500000000000001
-11.322137929192515,-5.11952884576964,0.9500000000000001,0.9500000000000001
-11.339492500483448,-4.920795136359954,0.9500000000000001,0.9500000000000001
-11.301022130564139,-4.725254937056032,0.9513148795220223,0.9513148795220223
-11.250626630493551,-4.532098452896847,1.0111874208078342,1.0111874208078342
-11.158371111218681,-4.354612464334148,1.0793516572461452,1.0793516572461452
-11.044841296646181,-4.189406931063772,1.1236102527122116,1.1236102527122116
-10.91348895474227,-4.0384587757176815,1.0594810050208545,1.0594810050208545
-10.751325803686365,-3.92188415888249,1.0,1.0
-10.565419269473061,-3.8484633499296286,0.9,0.9
-10.367346380395357,-3.8223903538447965,0.873212459828649,0.873212459828649
-10.16787132497378,-3.8134135902888944,0.8500000000000001,0.8500000000000001
-9.968856033372619,-3.8288055582656666,0.8500000000000001,0.8500000000000001
-9.769244368518041,-3.809030090105786,0.8500000000000001,0.8500000000000001
-9.569443823949756,-3.7932809959108384,0.8015609770940699,0.8015609770940699
-9.378658768755,-3.7354232295496654,0.7905694150420949,0.7905694150420949
-9.181016042893395,-3.7067120428035665,0.8544003745317531,0.8544003745317531
-8.99334574952898,-3.645819890554131,0.8500000000000001,0.8500000000000001
-8.804358890511471,-3.5768654645511297,0.8544003745317531,0.8544003745317531
-8.61776929386038,-3.5015752738655377,0.9013878188659974,0.9013878188659974
-8.438791486917584,-3.4112556179167175,0.9433981132056604,0.9433981132056604
-8.267719419568026,-3.306856592833286,0.9433981132056604,0.9433981132056604
-8.113562369585074,-3.1785839968850693,0.9192388155425117,0.9192388155425117
-7.959936016478137,-3.0497091597241015,0.890224690738243,0.890224690738243
-7.801235541995711,-2.927175178808865,0.890224690738243,0.890224690738243
-7.642711136244737,-2.8043418700733937,0.9219544457292888,0.9219544457292888
-7.485220140577384,-2.680216366064089,0.9013878188659974,0.9013878188659974
-7.327488173327939,-2.556377051236638,0.9178779875342911,0.9178779875342911
-7.165715501342253,-2.4378749920299025,0.8845903006477066,0.8845903006477066
-7.00146697441697,-2.3228116421106666,0.890224690738243,0.890224690738243
-6.836076907631228,-2.2093981434425736,0.9178779875342911,0.9178779875342911
-6.669493406247376,-2.0977446863034057,0.8746427842267951,0.8746427842267951
-6.50111169581898,-1.9888233789419265,0.8746427842267951,0.8746427842267951
-6.330107544405597,-1.8840728218365097,0.894427190999916,0.894427190999916
-6.156724136478147,-1.783303936871952,0.890224690738243,0.890224690738243
-5.981659601424677,-1.6854822230570627,0.894427190999916,0.894427190999916
-5.804026226700477,-1.5924276313604506,0.873212459828649,0.873212459828649
-5.625111804465,-1.5018413935973445,0.9178779875342911,0.9178779875342911
-5.445105909401891,-1.4134493432848925,0.9178779875342911,0.9178779875342911
-5.263414566958801,-1.3285685052567162,0.894427190999916,0.894427190999916
-5.079690628402231,-1.248197375759701,0.873212459828649,0.873212459828649
-4.894930242889389,-1.1702243083400166,0.9178779875342911,0.9178779875342911
-4.707121082333353,-1.1002175730223998,0.9192388155425117,0.9192388155425117
-4.519908173701252,-1.0284641531465262,0.894427190999916,0.894427190999916
-4.3321927763542325,-0.9580561619160523,0.9192388155425117,0.9192388155425117
-4.139175161049222,-0.9037552271188873,0.9219544457292888,0.9219544457292888
-3.946323093332776,-0.8488021879282829,0.8860022573334675,0.8860022573334675
-3.751575955673236,-0.8009742035633174,0.9219544457292888,0.9219544457292888
-3.557492137993795,-0.7504973593428308,0.9219544457292888,0.9219544457292888
-3.361387010927269,-0.708552672487489,0.912414379544733,0.912414379544733
-3.1658417431282686,-0.6640900382749239,0.912414379544733,0.912414379544733
-2.970921496691629,-0.6169335285202535,0.912414379544733,0.912414379544733
-2.774705999174059,-0.5755084027819732,0.9055385138137417,0.9055385138137417
-2.578829929654069,-0.532508620866034,0.9013878188659974,0.9013878188659974
-2.3844308430109087,-0.4832922778094972,0.9013878188659974,0.9013878188659974
-2.1892669296825065,-0.43758687128773244,0.9013878188659974,0.9013878188659974
-1.9927705126625592,-0.397777415497774,0.8860022573334675,0.8860022573334675
-1.798015161796526,-0.3499572107713143,0.8860022573334675,0.8860022573334675
-1.6014474257656406,-0.3102876451643375,0.912414379544733,0.912414379544733
-1.404808411839488,-0.27091366413117024,0.9055385138137417,0.9055385138137417
-1.2081911297378467,-0.23142745705003026,0.9013878188659974,0.9013878188659974
-1.0114990325071713,-0.19231598296894722,0.8860022573334675,0.8860022573334675
-0.8148051810870987,-0.15321330460752997,0.9219544457292888,0.9219544457292888
-0.6183192234834127,-0.11307966585010576,0.912414379544733,0.912414379544733
-0.4214170125620065,-0.07504881252042518,0.9055385138137417,0.9055385138137417
-0.22491699516530902,-0.03512296440676153,0.9,0.9
